race_id,runner_id,race_date,horse_name,expected_value_haircut,fractional_kelly_25
2026-03-01-ST-2,2026-03-01-ST-2-3,2026-03-01,CHILL PARTNERS,-0.2564943654211052,0.0
2026-03-01-ST-2,2026-03-01-ST-2-7,2026-03-01,CALIFORNIA BAY,-0.3076407651808711,0.0
2026-03-01-ST-2,2026-03-01-ST-2-2,2026-03-01,MR COOL,-0.27504068467241377,0.0
2026-03-01-ST-2,2026-03-01-ST-2-12,2026-03-01,GASTRONOMIQUE,-0.12633971829356952,0.0
2026-03-01-ST-2,2026-03-01-ST-2-13,2026-03-01,FIGHT TIME,-0.0509804479129419,0.0
2026-03-01-ST-2,2026-03-01-ST-2-10,2026-03-01,WINNING CHAMPION,-0.06898665849030616,0.0
2026-03-01-ST-2,2026-03-01-ST-2-4,2026-03-01,SHOOTING TO TOP,-0.06022270986278289,0.0
2026-03-01-ST-2,2026-03-01-ST-2-11,2026-03-01,DECISION LINK,-0.25812719421871905,0.0
2026-03-01-ST-2,2026-03-01-ST-2-1,2026-03-01,THE ABSOLUTE,-0.22039229704284838,0.0
2026-03-01-ST-2,2026-03-01-ST-2-8,2026-03-01,FIGHTING MACHINE,0.08469320704358146,0.0006830097342224312
2026-03-01-ST-2,2026-03-01-ST-2-14,2026-03-01,WIN SPEED,-0.22605116809974776,0.0
2026-03-01-ST-2,2026-03-01-ST-2-6,2026-03-01,WHOWROTETHATSONG,2.9296264227891706,0.003875167225911601
2026-03-01-ST-2,2026-03-01-ST-2-5,2026-03-01,REGROWTH WINNER,2.806366767004509,0.0034561167081336316
2026-03-01-ST-2,2026-03-01-ST-2-9,2026-03-01,MAGIC SUPER,2.7959578884477208,0.004396160201961825
2026-03-01-ST-3,2026-03-01-ST-3-8,2026-03-01,CIRCUIT FIERY,-0.3159702909932655,0.0
2026-03-01-ST-3,2026-03-01-ST-3-14,2026-03-01,THE ALL ROUNDER,0.5558812991589005,0.003389520116822564
2026-03-01-ST-3,2026-03-01-ST-3-2,2026-03-01,REZEKI,-0.2736805369106635,0.0
2026-03-01-ST-3,2026-03-01-ST-3-6,2026-03-01,FRANCIS MEYNELL,-0.21100085471874191,0.0
2026-03-01-ST-3,2026-03-01-ST-3-5,2026-03-01,TYCOON EXPRESS,-0.16129329836083997,0.0
2026-03-01-ST-3,2026-03-01-ST-3-10,2026-03-01,SWAGGER BRO,-0.15872006828430885,0.0
2026-03-01-ST-3,2026-03-01-ST-3-11,2026-03-01,AQUAMAN,0.1913039178033215,0.001366456555738011
2026-03-01-ST-3,2026-03-01-ST-3-4,2026-03-01,KINGDOM OF RICHES,0.74947084750611,0.0020147065793175
2026-03-01-ST-3,2026-03-01-ST-3-13,2026-03-01,ONE LOVE,1.9672349560377238,0.00472893018278299
2026-03-01-ST-3,2026-03-01-ST-3-12,2026-03-01,BLAZING BEAM,0.42525030246429196,0.0020058976531334527
2026-03-01-ST-3,2026-03-01-ST-3-7,2026-03-01,MULTISUPERSTAR,2.6029915718186754,0.003655887039071173
2026-03-01-ST-3,2026-03-01-ST-3-1,2026-03-01,RYUI KOKOROE,-0.29758251715548667,0.0
2026-03-01-ST-3,2026-03-01-ST-3-3,2026-03-01,GAZELEY,0.38449465371682273,0.0015757977611345194
2026-03-01-ST-3,2026-03-01-ST-3-9,2026-03-01,MONEY TYCOON,0.8774532539970503,0.0032740793059591426
2026-03-01-ST-4,2026-03-01-ST-4-11,2026-03-01,WARRIORS DREAM,-0.114628483808936,0.0
2026-03-01-ST-4,2026-03-01-ST-4-1,2026-03-01,ALSONSO,0.19977291996669735,0.0011891245236112938
2026-03-01-ST-4,2026-03-01-ST-4-3,2026-03-01,GOLD PATCH,-0.33938309326703947,0.0
2026-03-01-ST-4,2026-03-01-ST-4-6,2026-03-01,DAILY ACCLAIM,-0.08656172954648882,0.0
2026-03-01-ST-4,2026-03-01-ST-4-9,2026-03-01,PRECISION HOPE,0.8053626033088956,0.002516758135340299
2026-03-01-ST-4,2026-03-01-ST-4-14,2026-03-01,ALWAYS FLUKE,-0.12698437725310513,0.0
2026-03-01-ST-4,2026-03-01-ST-4-5,2026-03-01,BEST FARM,0.715204108868432,0.003311130133650148
2026-03-01-ST-4,2026-03-01-ST-4-2,2026-03-01,FIND MY LOVE,-0.08440498489436836,0.0
2026-03-01-ST-4,2026-03-01-ST-4-10,2026-03-01,VICTORY CHAMPION,-0.23507374670857198,0.0
2026-03-01-ST-4,2026-03-01-ST-4-13,2026-03-01,SUPER MASTERMIND,4.1722990699621105,0.004574889331098806
2026-03-01-ST-4,2026-03-01-ST-4-4,2026-03-01,MOTOR,-0.03892944187926055,0.0
2026-03-01-ST-4,2026-03-01-ST-4-8,2026-03-01,GLACIATED,-0.24836398445646707,0.0
2026-03-01-ST-4,2026-03-01-ST-4-12,2026-03-01,YOUNG LEGACY,1.9654477155105667,0.003962596200626143
2026-03-01-ST-4,2026-03-01-ST-4-7,2026-03-01,RISING FROM EAST,1.3135079637054061,0.002782855855308064
2026-03-01-ST-5,2026-03-01-ST-5-6,2026-03-01,CONRAD PATCH,-0.31485584960413976,0.0
2026-03-01-ST-5,2026-03-01-ST-5-4,2026-03-01,HAPPY SHOOTER,-0.30478502381721223,0.0
2026-03-01-ST-5,2026-03-01-ST-5-12,2026-03-01,INVICTUS DRAGON,-0.27525528036151176,0.0
2026-03-01-ST-5,2026-03-01-ST-5-3,2026-03-01,ISLAND BUDDY,-0.2931802943388318,0.0
2026-03-01-ST-5,2026-03-01-ST-5-14,2026-03-01,GOOD FORTUNE,0.8291433938721489,0.003048321301000547
2026-03-01-ST-5,2026-03-01-ST-5-8,2026-03-01,RELENTLESS PURSUIT,-0.21757740503574655,0.0
2026-03-01-ST-5,2026-03-01-ST-5-5,2026-03-01,VOYAGE BOSS,-0.2760611601532702,0.0
2026-03-01-ST-5,2026-03-01-ST-5-13,2026-03-01,ACE,0.044138993424923306,0.0004244133983165703
2026-03-01-ST-5,2026-03-01-ST-5-2,2026-03-01,JOY CAPITAL,0.23754272556880018,0.0010065369727491533
2026-03-01-ST-5,2026-03-01-ST-5-11,2026-03-01,ALABAMA SONG,-0.20702385147947763,0.0
2026-03-01-ST-5,2026-03-01-ST-5-9,2026-03-01,MAJESTIC LIFE,3.8441839732670378,0.0038136745766538076
2026-03-01-ST-5,2026-03-01-ST-5-10,2026-03-01,MY TRIUMPH,0.20662504737019635,0.0014758931955014024
2026-03-01-ST-5,2026-03-01-ST-5-1,2026-03-01,REAL GENTLEMAN,1.5833678620908527,0.0031667357241817054
2026-03-01-ST-5,2026-03-01-ST-5-7,2026-03-01,HEALTHY PONY,1.6881295993484804,0.0033494634907707942
2026-03-01-ST-5,,2026-03-01,GOLDEN LUCK,,0.0
2026-03-01-ST-6,2026-03-01-ST-6-3,2026-03-01,GALACTIC VOYAGE,-0.30173762128281983,0.0
2026-03-01-ST-6,2026-03-01-ST-6-2,2026-03-01,MICKLEY,-0.2187146879898403,0.0
2026-03-01-ST-6,2026-03-01-ST-6-4,2026-03-01,SIGHT HERMOSO,-0.26156751201070216,0.0
2026-03-01-ST-6,2026-03-01-ST-6-1,2026-03-01,CELESTIAL HERO,-0.20351205976326386,0.0
2026-03-01-ST-6,2026-03-01-ST-6-6,2026-03-01,PERFECTDAY,-0.23519183341186858,0.0
2026-03-01-ST-6,2026-03-01-ST-6-5,2026-03-01,WONDERSTAR,-0.1133596927558096,0.0
2026-03-01-ST-6,2026-03-01-ST-6-7,2026-03-01,CHEAHA,1.3656922070411601,0.0040645601400034525
2026-03-01-ST-6,2026-03-01-ST-6-9,2026-03-01,LUCKY DOCTOR,1.6557893342287149,0.0054466754415418255
2026-03-01-ST-6,2026-03-01-ST-6-10,2026-03-01,ONE MORE,-0.2728892560210693,0.0
2026-03-01-ST-6,2026-03-01-ST-6-8,2026-03-01,JOLTIN,1.9310754288829721,0.004733028011968069
2026-03-01-ST-6,2026-03-01-ST-6-11,2026-03-01,ORIGIN OF FORM,3.2633137548635642,0.005005082446109761
2026-03-01-ST-7,2026-03-01-ST-7-1,2026-03-01,ROMANTIC WARRIOR,-0.659727932125904,0.0
2026-03-01-ST-7,2026-03-01-ST-7-5,2026-03-01,ENSUED,4.728655585655934,0.013588090763379123
2026-03-01-ST-7,2026-03-01-ST-7-6,2026-03-01,WINNING WING,1.8179642833392797,0.020658685037946357
2026-03-01-ST-7,2026-03-01-ST-7-4,2026-03-01,MY WISH,1.3972736049293997,0.029109866769362492
2026-03-01-ST-7,2026-03-01-ST-7-2,2026-03-01,VOYAGE BUBBLE,1.2176556268780085,0.04476675098816208
2026-03-01-ST-7,2026-03-01-ST-7-3,2026-03-01,BEAUTY JOY,5.841446118809056,0.012589323531916071
2026-03-01-ST-8,2026-03-01-ST-8-3,2026-03-01,PAKISTAN LEGACY,0.004603008873783864,4.7948009101915255e-05
2026-03-01-ST-8,2026-03-01-ST-8-4,2026-03-01,RISING FORCE,-0.29906411951523876,0.0
2026-03-01-ST-8,2026-03-01-ST-8-2,2026-03-01,GENEVA,0.046677203871847615,0.00048622087366507934
2026-03-01-ST-8,2026-03-01-ST-8-6,2026-03-01,AURIO,-0.3002470274137363,0.0
2026-03-01-ST-8,2026-03-01-ST-8-9,2026-03-01,WUKONG JEWELLERY,0.3288620504029058,0.002652113309700853
2026-03-01-ST-8,2026-03-01-ST-8-10,2026-03-01,ARMOUR WAR EAGLE,-0.06364682950919497,0.0
2026-03-01-ST-8,2026-03-01-ST-8-7,2026-03-01,ANODE,0.0719471753183499,0.0009992663238659709
2026-03-01-ST-8,2026-03-01-ST-8-11,2026-03-01,SUPERB KING,0.3437283909425352,0.003305080682139762
2026-03-01-ST-8,2026-03-01-ST-8-1,2026-03-01,LUCY IN THE SKY,-0.17257960516682264,0.0
2026-03-01-ST-8,2026-03-01-ST-8-5,2026-03-01,HOTT SHOTT,2.704989892383351,0.004025282577951415
2026-03-01-ST-8,2026-03-01-ST-8-8,2026-03-01,IRON SECURITY,1.867969807971541,0.004814355175184384
2026-03-01-ST-9,2026-03-01-ST-9-14,2026-03-01,STORMY GROVE,-0.08194202806498876,0.0
2026-03-01-ST-9,2026-03-01-ST-9-4,2026-03-01,INVINCIBLE IBIS,-0.1839241288089531,0.0
2026-03-01-ST-9,2026-03-01-ST-9-7,2026-03-01,PATCH OF COSMO,-0.052523571014063214,0.0
2026-03-01-ST-9,2026-03-01-ST-9-2,2026-03-01,NUMBERS,-0.3121763197293724,0.0
2026-03-01-ST-9,2026-03-01-ST-9-11,2026-03-01,DAZZLING FIT,0.46634290040960075,0.0022859946098509843
2026-03-01-ST-9,2026-03-01-ST-9-13,2026-03-01,POPE CODY,0.5656771125473404,0.002396936917573476
2026-03-01-ST-9,2026-03-01-ST-9-6,2026-03-01,BEAUTY BOLT,-0.24659797356814753,0.0
2026-03-01-ST-9,2026-03-01-ST-9-1,2026-03-01,LITTLE PARADISE,-0.30991547179814827,0.0
2026-03-01-ST-9,2026-03-01-ST-9-5,2026-03-01,INFINITE RESOLVE,-0.14071122435276245,0.0
2026-03-01-ST-9,2026-03-01-ST-9-10,2026-03-01,WINDLORD,1.4962880288409215,0.0040222796474218316
2026-03-01-ST-9,2026-03-01-ST-9-8,2026-03-01,AKASHVANI,0.9036323045732606,0.0030121076819108685
2026-03-01-ST-9,2026-03-01-ST-9-9,2026-03-01,CIRCUIT GRAND SLAM,2.0152756796439784,0.003148868249443716
2026-03-01-ST-9,2026-03-01-ST-9-12,2026-03-01,LUCKY SAM GOR,0.07029919431275392,0.0007029919431275392
2026-03-01-ST-9,2026-03-01-ST-9-3,2026-03-01,SAGACIOUS LIFE,-0.20226144636143295,0.0
2026-03-01-ST-10,2026-03-01-ST-10-1,2026-03-01,GENTLEMEN LEGACY,-0.2466327745168662,0.0
2026-03-01-ST-10,2026-03-01-ST-10-11,2026-03-01,FORTUNE BOY,-0.1570439074821804,0.0
2026-03-01-ST-10,2026-03-01-ST-10-10,2026-03-01,MONEY CATCHER,-0.15686212716488931,0.0
2026-03-01-ST-10,2026-03-01-ST-10-5,2026-03-01,AERODYNAMICS,-0.2666962342511538,0.0
2026-03-01-ST-10,2026-03-01-ST-10-12,2026-03-01,THE AUSPICIOUS,-0.2845216947930743,0.0
2026-03-01-ST-10,2026-03-01-ST-10-13,2026-03-01,PACKING FIGHTER,-0.07839081838172354,0.0
2026-03-01-ST-10,2026-03-01-ST-10-9,2026-03-01,SKY VINO,0.08705326047329147,0.0007772612542258166
2026-03-01-ST-10,2026-03-01-ST-10-2,2026-03-01,KARMA,-0.23704692510425587,0.0
2026-03-01-ST-10,2026-03-01-ST-10-14,2026-03-01,AGENDA,-0.10244202637616873,0.0
2026-03-01-ST-10,2026-03-01-ST-10-6,2026-03-01,NOISY BOY,0.4448926996891252,0.0020596884244866906
2026-03-01-ST-10,2026-03-01-ST-10-7,2026-03-01,BRAVEHEARTS,0.255680086990402,0.001486512133665128
2026-03-01-ST-10,2026-03-01-ST-10-3,2026-03-01,LIVEANDLETLIVE,-0.3072700921615616,0.0
2026-03-01-ST-10,2026-03-01-ST-10-8,2026-03-01,DREAMING TOGETHER,0.48702238788773644,0.0024848081014680434
2026-03-01-ST-10,2026-03-01-ST-10-4,2026-03-01,SHANWAH,0.7048505751924778,0.0020730899270366998
2026-03-01-ST-11,2026-03-01-ST-11-9,2026-03-01,EMBLAZON,-0.30442842456096203,0.0
2026-03-01-ST-11,2026-03-01-ST-11-10,2026-03-01,JUNEAU PRIDE,-0.29881174564289636,0.0
2026-03-01-ST-11,2026-03-01-ST-11-4,2026-03-01,MUGEN,-0.19428177282371945,0.0
2026-03-01-ST-11,2026-03-01-ST-11-7,2026-03-01,GUSTOSISIMO,-0.21851197670456282,0.0
2026-03-01-ST-11,2026-03-01-ST-11-8,2026-03-01,ALL OUT FOR SIX,-0.19765603134324766,0.0
2026-03-01-ST-11,2026-03-01-ST-11-6,2026-03-01,SON PAK FU,0.49932561119972196,0.0028370773363620566
2026-03-01-ST-11,2026-03-01-ST-11-1,2026-03-01,HEALTHY HAPPY,-0.11519918089899217,0.0
2026-03-01-ST-11,2026-03-01-ST-11-2,2026-03-01,BEAUTY ETERNAL,-0.16879370298029867,0.0
2026-03-01-ST-11,2026-03-01-ST-11-5,2026-03-01,LADY'S CHOICE,0.5632390053472736,0.0028161950267363675
2026-03-01-ST-11,2026-03-01-ST-11-12,2026-03-01,MR ASCENDENCY,1.1198189592849508,0.0038349964359073656
2026-03-01-ST-11,2026-03-01-ST-11-3,2026-03-01,NEW FOREST,0.2796372071984269,0.0019419250499890758
2026-03-01-ST-11,2026-03-01-ST-11-11,2026-03-01,MID WINTER WIND,,0.0
2026-03-04-HV-2,2026-03-04-HV-2-11,2026-03-04,VERBIER,-0.21109123177378009,0.0
2026-03-04-HV-2,2026-03-04-HV-2-6,2026-03-04,ONLY U,-0.2752280103058602,0.0
2026-03-04-HV-2,2026-03-04-HV-2-2,2026-03-04,CALL TO COMMAND,-0.15976716850213948,0.0
2026-03-04-HV-2,2026-03-04-HV-2-3,2026-03-04,STERLING WONGCHOY,-0.2510265756744158,0.0
2026-03-04-HV-2,2026-03-04-HV-2-10,2026-03-04,ORIENTAL SURPRISE,-0.27221328167054354,0.0
2026-03-04-HV-2,2026-03-04-HV-2-9,2026-03-04,CHEER FOR SOUTH,-0.12042457680633832,0.0
2026-03-04-HV-2,2026-03-04-HV-2-5,2026-03-04,CONCORDE STAR,-0.20758646650590024,0.0
2026-03-04-HV-2,2026-03-04-HV-2-4,2026-03-04,THOUSAND CUPS,-0.19986717255822334,0.0
2026-03-04-HV-2,2026-03-04-HV-2-7,2026-03-04,RACINGRACE,1.2080714379597821,0.0034714696493097193
2026-03-04-HV-2,2026-03-04-HV-2-1,2026-03-04,POWER SUMMIT,-0.02371126142685811,0.0
2026-03-04-HV-2,2026-03-04-HV-2-12,2026-03-04,SHINE BRIGHT,0.6358364551642933,0.0032440635467565985
2026-03-04-HV-2,2026-03-04-HV-2-8,2026-03-04,NOBLE DELUXE,0.09724210039785017,0.0009350201961331748
2026-03-04-HV-3,2026-03-04-HV-3-6,2026-03-04,ACE WAR,-0.3184717913359294,0.0
2026-03-04-HV-3,2026-03-04-HV-3-11,2026-03-04,STAR BROSE,-0.2741863993212428,0.0
2026-03-04-HV-3,2026-03-04-HV-3-3,2026-03-04,DOUBLE WIN,-0.2219827395056534,0.0
2026-03-04-HV-3,2026-03-04-HV-3-9,2026-03-04,SMART CITY,-0.05388824351705158,0.0
2026-03-04-HV-3,2026-03-04-HV-3-4,2026-03-04,SHARPEN BRIGHT,-0.08778368898486458,0.0
2026-03-04-HV-3,2026-03-04-HV-3-5,2026-03-04,SURE JOYFUL,0.48132965961617613,0.0023594591157655694
2026-03-04-HV-3,2026-03-04-HV-3-2,2026-03-04,SERANGOON,-0.22959980946123199,0.0
2026-03-04-HV-3,2026-03-04-HV-3-7,2026-03-04,YIU CHEUNG VICTORY,0.1178700740535686,0.0009505651133352306
2026-03-04-HV-3,2026-03-04-HV-3-8,2026-03-04,PING HAI COMET,0.047591198086389924,0.0005172956313738035
2026-03-04-HV-3,2026-03-04-HV-3-12,2026-03-04,VIVA TASTE,-0.2175122661237449,0.0
2026-03-04-HV-3,2026-03-04-HV-3-1,2026-03-04,YOUNG BRAVO,-0.2543457725109404,0.0
2026-03-04-HV-3,2026-03-04-HV-3-10,2026-03-04,MEGA FORCE,0.2607896452669496,0.0021732470438912462
2026-03-04-HV-3,,2026-03-04,PACKING HURRICANE,,0.0
2026-03-04-HV-4,2026-03-04-HV-4-12,2026-03-04,GAMEPLAYER ELITE,-0.2875392809856547,0.0
2026-03-04-HV-4,2026-03-04-HV-4-2,2026-03-04,GENIUS BABY,-0.2869469292477875,0.0
2026-03-04-HV-4,2026-03-04-HV-4-4,2026-03-04,SKY CAP,-0.30872842182938287,0.0
2026-03-04-HV-4,2026-03-04-HV-4-3,2026-03-04,HOLMES A COURT,-0.26558405600787427,0.0
2026-03-04-HV-4,2026-03-04-HV-4-7,2026-03-04,FLASH STAR,-0.14417830828234598,0.0
2026-03-04-HV-4,2026-03-04-HV-4-6,2026-03-04,VIVA BOSS,0.19539098855392656,0.001684405073740746
2026-03-04-HV-4,2026-03-04-HV-4-11,2026-03-04,GIDDY UP,-0.021384790754243696,0.0
2026-03-04-HV-4,2026-03-04-HV-4-10,2026-03-04,HAPPY ALLIANCE,0.8079507130907717,0.003107502742656814
2026-03-04-HV-4,2026-03-04-HV-4-8,2026-03-04,STAR PERFORMER,-0.23342906888333645,0.0
2026-03-04-HV-4,2026-03-04-HV-4-9,2026-03-04,ETERNAL RICHNESS,0.52713763561435,0.0018561184352617957
2026-03-04-HV-4,2026-03-04-HV-4-1,2026-03-04,TACTICAL VICTORY,0.30958869970623915,0.0015175916652266624
2026-03-04-HV-4,2026-03-04-HV-4-5,2026-03-04,GRAND MASTERMIND,,0.0
2026-03-04-HV-4,,2026-03-04,FALCON HUNTER,,0.0
2026-03-04-HV-5,2026-03-04-HV-5-5,2026-03-04,GIANT BALLON,-0.31092601930095465,0.0
2026-03-04-HV-5,2026-03-04-HV-5-1,2026-03-04,GIANT LEAP,-0.24078907288646006,0.0
2026-03-04-HV-5,2026-03-04-HV-5-12,2026-03-04,ENJOY GOLF,-0.1128552504461911,0.0
2026-03-04-HV-5,2026-03-04-HV-5-6,2026-03-04,DUKE OF ORANGE,-0.20583434478636065,0.0
2026-03-04-HV-5,2026-03-04-HV-5-4,2026-03-04,FORTUNE WHISKEY,-0.2720487271222853,0.0
2026-03-04-HV-5,2026-03-04-HV-5-8,2026-03-04,HAPPY UNITED,0.13123084122123638,0.0010935903435103033
2026-03-04-HV-5,2026-03-04-HV-5-3,2026-03-04,TOP THRONE,0.26792838527998614,0.0016745524079999135
2026-03-04-HV-5,2026-03-04-HV-5-11,2026-03-04,CIRRUS SPEED,0.1016681168885653,0.001270851461107066
2026-03-04-HV-5,2026-03-04-HV-5-2,2026-03-04,TACTICAL COMMAND,-0.18889301084006976,0.0
2026-03-04-HV-5,2026-03-04-HV-5-7,2026-03-04,RISING ELITE,2.469486780195976,0.004539497757713192
2026-03-04-HV-5,2026-03-04-HV-5-9,2026-03-04,BRAVE WIN,-0.013813806594040044,0.0
2026-03-04-HV-5,2026-03-04-HV-5-10,2026-03-04,YEE CHEONG SPIRIT,0.07867695302022079,0.0008551842719589216
2026-03-04-HV-6,2026-03-04-HV-6-3,2026-03-04,SYMBOL OF STRENGTH,-0.20831678682883012,0.0
2026-03-04-HV-6,2026-03-04-HV-6-7,2026-03-04,FLYING WROTE,-0.2537619216233682,0.0
2026-03-04-HV-6,2026-03-04-HV-6-4,2026-03-04,POWER KOEPP,-0.11120300433218272,0.0
2026-03-04-HV-6,2026-03-04-HV-6-5,2026-03-04,ROMANTIC GLADIATOR,0.09833393574348831,0.001446087290345416
2026-03-04-HV-6,2026-03-04-HV-6-1,2026-03-04,HARMONY N BLESSED,-0.1515107011397092,0.0
2026-03-04-HV-6,2026-03-04-HV-6-9,2026-03-04,TOURBILLON GOLFER,-0.1879450428643953,0.0
2026-03-04-HV-6,2026-03-04-HV-6-10,2026-03-04,FAMILY KNIGHT,1.5482822314079918,0.005026890361714259
2026-03-04-HV-6,2026-03-04-HV-6-6,2026-03-04,HEY BROS,-0.08858626414070192,0.0
2026-03-04-HV-6,2026-03-04-HV-6-2,2026-03-04,SPORTS LEGEND,-0.2929572734241201,0.0
2026-03-04-HV-6,2026-03-04-HV-6-8,2026-03-04,EVERSTAR,0.18936040442968782,0.002367005055371098
2026-03-04-HV-7,2026-03-04-HV-7-3,2026-03-04,CALIFORNIA MOXIE,-0.2831545668099194,0.0
2026-03-04-HV-7,2026-03-04-HV-7-5,2026-03-04,GLORIOUS JOURNEY,-0.263858426751265,0.0
2026-03-04-HV-7,2026-03-04-HV-7-1,2026-03-04,RAGGA BOMB,-0.3098577933594702,0.0
2026-03-04-HV-7,2026-03-04-HV-7-7,2026-03-04,TURIN WARRIOR,0.14916847185864174,0.0016213964332461056
2026-03-04-HV-7,2026-03-04-HV-7-6,2026-03-04,SHANGHAI STYLE,-0.14232294352586516,0.0
2026-03-04-HV-7,2026-03-04-HV-7-2,2026-03-04,AESTHETICISM,-0.044171778238119026,0.0
2026-03-04-HV-7,2026-03-04-HV-7-12,2026-03-04,LEGENDARY IMPACT,0.23462565557986867,0.002793162566427008
2026-03-04-HV-7,2026-03-04-HV-7-9,2026-03-04,TAKE ACTION,-0.2625526752383938,0.0
2026-03-04-HV-7,2026-03-04-HV-7-4,2026-03-04,NOBLE PURSUIT,-0.10023124328828176,0.0
2026-03-04-HV-7,2026-03-04-HV-7-10,2026-03-04,KOLACHI,0.018017554575232374,0.00028152429023800584
2026-03-04-HV-7,2026-03-04-HV-7-8,2026-03-04,NORTHERN BEAST,0.053880324247498335,0.0005612533775781076
2026-03-04-HV-7,2026-03-04-HV-7-11,2026-03-04,MASTER OF HUMOR,0.5275984913384781,0.0029311027296582116
2026-03-04-HV-8,2026-03-04-HV-8-9,2026-03-04,AMAZING KID,-0.1677527917329627,0.0
2026-03-04-HV-8,2026-03-04-HV-8-6,2026-03-04,METRO POWER,-0.1653320777144749,0.0
2026-03-04-HV-8,2026-03-04-HV-8-8,2026-03-04,STORMING DRAGON,-0.2719859085822338,0.0
2026-03-04-HV-8,2026-03-04-HV-8-3,2026-03-04,PEGAS,-0.2729570165623912,0.0
2026-03-04-HV-8,2026-03-04-HV-8-5,2026-03-04,WINGS OF WAR,-0.15859377780802997,0.0
2026-03-04-HV-8,2026-03-04-HV-8-1,2026-03-04,LUCKY PLANET,-0.2147920407525755,0.0
2026-03-04-HV-8,2026-03-04-HV-8-2,2026-03-04,MATTERS MOST,0.20858791501630547,0.0020056530290029372
2026-03-04-HV-8,2026-03-04-HV-8-7,2026-03-04,BEAUTY GLORY,-0.1386307089753842,0.0
2026-03-04-HV-8,2026-03-04-HV-8-10,2026-03-04,INVINCIBLE STARR,1.915759812634316,0.0061402558097253725
2026-03-04-HV-8,2026-03-04-HV-8-4,2026-03-04,SPICY GOLD,-0.06182765894144356,0.0
2026-03-04-HV-9,2026-03-04-HV-9-7,2026-03-04,FIVEFORTWO,-0.2323331855668637,0.0
2026-03-04-HV-9,2026-03-04-HV-9-9,2026-03-04,SAMARKAND,0.25913679928267164,0.0023994148081728853
2026-03-04-HV-9,2026-03-04-HV-9-6,2026-03-04,SUPER UNICORN,0.1169681063376999,0.0013291830265647715
2026-03-04-HV-9,2026-03-04-HV-9-1,2026-03-04,SILVERY BREEZE,-0.3024132369583842,0.0
2026-03-04-HV-9,2026-03-04-HV-9-11,2026-03-04,WITHALLMYFAITH,-0.2878665832034398,0.0
2026-03-04-HV-9,2026-03-04-HV-9-12,2026-03-04,ANOTHER ZONDA,0.18129968604112368,0.0018129968604112367
2026-03-04-HV-9,2026-03-04-HV-9-10,2026-03-04,CHILL KAKA,0.19407498492145692,0.0019407498492145692
2026-03-04-HV-9,2026-03-04-HV-9-3,2026-03-04,CORLEONE,-0.248716273281188,0.0
2026-03-04-HV-9,2026-03-04-HV-9-4,2026-03-04,VIVA GRACIOUSNESS,-0.19548052283374168,0.0
2026-03-04-HV-9,2026-03-04-HV-9-2,2026-03-04,A AMERIC TE SPECSO,0.0750618776371111,0.0006950173855288065
2026-03-04-HV-9,2026-03-04-HV-9-5,2026-03-04,FORTUNATE SON,-0.10366914045561142,0.0
2026-03-04-HV-9,2026-03-04-HV-9-8,2026-03-04,HAPPY TERCENTENARY,0.8483801082536244,0.0028661490143703527
2026-03-08-ST-2,2026-03-08-ST-2-11,2026-03-08,HE WAS ME,-0.13325469262959333,0.0
2026-03-08-ST-2,2026-03-08-ST-2-6,2026-03-08,GENERAL SMART,-0.271811070153876,0.0
2026-03-08-ST-2,2026-03-08-ST-2-1,2026-03-08,THE CONCENTRATION,-0.3057234493868421,0.0
2026-03-08-ST-2,2026-03-08-ST-2-3,2026-03-08,BLING BLING GENIUS,-0.2685918466791225,0.0
2026-03-08-ST-2,2026-03-08-ST-2-7,2026-03-08,PANDA LEGEND,-0.1861151193007568,0.0
2026-03-08-ST-2,2026-03-08-ST-2-5,2026-03-08,PODIUM,-0.059606843318101226,0.0
2026-03-08-ST-2,2026-03-08-ST-2-12,2026-03-08,CASA LEGEND,1.3299988066445498,0.004054874410501676
2026-03-08-ST-2,2026-03-08-ST-2-9,2026-03-08,DRACO,-0.29243119242053295,0.0
2026-03-08-ST-2,2026-03-08-ST-2-8,2026-03-08,WINDICATOR FAMILY,-0.11151662633074792,0.0
2026-03-08-ST-2,2026-03-08-ST-2-13,2026-03-08,SMART ENGINEER,1.0519305301384547,0.002656390227622361
2026-03-08-ST-2,2026-03-08-ST-2-4,2026-03-08,EXCEED THE WISH,-0.007037454540650833,0.0
2026-03-08-ST-2,2026-03-08-ST-2-10,2026-03-08,FIGHT TIME,-0.3156864830374396,0.0
2026-03-08-ST-2,2026-03-08-ST-2-14,2026-03-08,THE WAY WE WIN,0.018770103117053114,0.00018770103117053113
2026-03-08-ST-2,2026-03-08-ST-2-2,2026-03-08,GALE SAGA,-0.27555840026946304,0.0
2026-03-08-ST-2,,2026-03-08,COSMO LIGHT,,0.0
2026-03-08-ST-3,2026-03-08-ST-3-11,2026-03-08,JUICY DRAGON,-0.28523945462814526,0.0
2026-03-08-ST-3,2026-03-08-ST-3-8,2026-03-08,ACE POWER,-0.08931201680473205,0.0
2026-03-08-ST-3,2026-03-08-ST-3-12,2026-03-08,NO OTHER CHOICE,-0.10478343943963941,0.0
2026-03-08-ST-3,2026-03-08-ST-3-10,2026-03-08,ZOUPER FELLOW,-0.0027172866147200936,0.0
2026-03-08-ST-3,2026-03-08-ST-3-2,2026-03-08,ONE MAN SHOW,-0.32758119914573014,0.0
2026-03-08-ST-3,2026-03-08-ST-3-9,2026-03-08,QUICK MONEY,0.9676057561272351,0.003455734843311554
2026-03-08-ST-3,2026-03-08-ST-3-7,2026-03-08,JOY STAR,0.13955365512947615,0.0013955365512947615
2026-03-08-ST-3,2026-03-08-ST-3-4,2026-03-08,GOOD LUCK BABE,-0.2318636045237578,0.0
2026-03-08-ST-3,2026-03-08-ST-3-1,2026-03-08,ANOTHER ZONDA,-0.16395739768795276,0.0
2026-03-08-ST-3,2026-03-08-ST-3-5,2026-03-08,LUCKY XANDER,1.509207296732239,0.0031441818681921642
2026-03-08-ST-3,2026-03-08-ST-3-6,2026-03-08,HINOKAMI KAGURA,0.14517840645526559,0.001578026157122452
2026-03-08-ST-3,2026-03-08-ST-3-3,2026-03-08,BUNDLE OF CHARM,,0.0
2026-03-08-ST-4,2026-03-08-ST-4-6,2026-03-08,GOOD CHAP,-0.3068075435500387,0.0
2026-03-08-ST-4,2026-03-08-ST-4-9,2026-03-08,CONRAD THE GREAT,-0.09335653477013355,0.0
2026-03-08-ST-4,2026-03-08-ST-4-2,2026-03-08,FLOWING RICHES,-0.2157315383621297,0.0
2026-03-08-ST-4,2026-03-08-ST-4-11,2026-03-08,WORLD HERO,-0.12902730165352957,0.0
2026-03-08-ST-4,2026-03-08-ST-4-4,2026-03-08,NATURAL HIGH,-0.03453648802791309,0.0
2026-03-08-ST-4,2026-03-08-ST-4-8,2026-03-08,KING DANCE,-0.2501917315091753,0.0
2026-03-08-ST-4,2026-03-08-ST-4-10,2026-03-08,SHINYU KOKOROE,-0.08438183794835967,0.0
2026-03-08-ST-4,2026-03-08-ST-4-1,2026-03-08,FUN N FUN TOGETHER,-0.31008584527583527,0.0
2026-03-08-ST-4,2026-03-08-ST-4-12,2026-03-08,GLORY CLOUD,0.05651219336521885,0.0007064024170652356
2026-03-08-ST-4,2026-03-08-ST-4-3,2026-03-08,FORZA LEADER,2.995910820617308,0.004379986579849865
2026-03-08-ST-4,2026-03-08-ST-4-5,2026-03-08,EXTRAORDINARY GALL,1.450518286979229,0.0030731319639390442
2026-03-08-ST-4,2026-03-08-ST-4-7,2026-03-08,FLYING CHRISTIE,4.009778610680377,0.005194013744404634
2026-03-08-ST-5,2026-03-08-ST-5-4,2026-03-08,THE GOLDEN KNIGHT,-0.3146663026375865,0.0
2026-03-08-ST-5,2026-03-08-ST-5-3,2026-03-08,MASTER TRILLION,-0.2279216684035406,0.0
2026-03-08-ST-5,2026-03-08-ST-5-9,2026-03-08,MEGA MASTERMIND,-0.1680580738368609,0.0
2026-03-08-ST-5,2026-03-08-ST-5-13,2026-03-08,FLYING AMANI,0.33546708936291786,0.0026208366356477958
2026-03-08-ST-5,2026-03-08-ST-5-6,2026-03-08,VICTOR SUPREME,-0.28672529386183465,0.0
2026-03-08-ST-5,2026-03-08-ST-5-7,2026-03-08,LUCKY YEAR,-0.10648947228202367,0.0
2026-03-08-ST-5,2026-03-08-ST-5-1,2026-03-08,ARMOR GOLDEN EAGLE,-0.19405976984789336,0.0
2026-03-08-ST-5,2026-03-08-ST-5-10,2026-03-08,EXCELLENT BOY,1.1925163493912758,0.002710264430434718
2026-03-08-ST-5,2026-03-08-ST-5-5,2026-03-08,BEAUTY VIVA,-0.2832433024765655,0.0
2026-03-08-ST-5,2026-03-08-ST-5-2,2026-03-08,DANICA'S CHOICE,0.030677184811780996,0.0002949729308825096
2026-03-08-ST-5,2026-03-08-ST-5-11,2026-03-08,SMILING FALCON,-0.1969167898906158,0.0
2026-03-08-ST-5,2026-03-08-ST-5-12,2026-03-08,FRANTANCK,-0.06578332773447533,0.0
2026-03-08-ST-5,2026-03-08-ST-5-14,2026-03-08,GOLDEN FORTUNE,1.4072320248790704,0.004238650677346597
2026-03-08-ST-5,2026-03-08-ST-5-8,2026-03-08,JUSTIFY YOURSELF,2.4883430894025573,0.0032066276925290685
2026-03-08-ST-6,2026-03-08-ST-6-2,2026-03-08,YEE CHEONG GLORY,-0.30401406348452203,0.0
2026-03-08-ST-6,2026-03-08-ST-6-1,2026-03-08,MASTER LUCKY,-0.21410666106987208,0.0
2026-03-08-ST-6,2026-03-08-ST-6-7,2026-03-08,CALL ME SUCCESS,-0.053172602365450135,0.0
2026-03-08-ST-6,2026-03-08-ST-6-12,2026-03-08,INCREDIBLE MOMENT,-0.2786320516740821,0.0
2026-03-08-ST-6,2026-03-08-ST-6-5,2026-03-08,HEROIC VANGUARD,0.8306309411234581,0.003460962254681076
2026-03-08-ST-6,2026-03-08-ST-6-10,2026-03-08,GOR GOR,-0.13671742422872293,0.0
2026-03-08-ST-6,2026-03-08-ST-6-6,2026-03-08,LIVE WIRE,-0.2999971809822592,0.0
2026-03-08-ST-6,2026-03-08-ST-6-11,2026-03-08,STORMY KNIGHT,0.15606877844744693,0.001696399765733119
2026-03-08-ST-6,2026-03-08-ST-6-3,2026-03-08,BIGTIME GENERATION,0.33098914172931454,0.0018806201234620144
2026-03-08-ST-6,2026-03-08-ST-6-8,2026-03-08,ILLUMINOUS,0.15152122119937408,0.0017218320590837964
2026-03-08-ST-6,2026-03-08-ST-6-4,2026-03-08,POET'S REIGN,-0.056106152065367114,0.0
2026-03-08-ST-6,2026-03-08-ST-6-9,2026-03-08,SWEET BRIAR,1.8464323504211066,0.004758846263971925
2026-03-08-ST-7,2026-03-08-ST-7-6,2026-03-08,STUNNING PEACH,-0.2798177234791872,0.0
2026-03-08-ST-7,2026-03-08-ST-7-9,2026-03-08,BEAUTY ALLIANCE,-0.04553957408887623,0.0
2026-03-08-ST-7,2026-03-08-ST-7-7,2026-03-08,KA YING GENERATION,0.4156323980810122,0.0035830379144914846
2026-03-08-ST-7,2026-03-08-ST-7-10,2026-03-08,FORTUNE BOY,-0.2532825004642342,0.0
2026-03-08-ST-7,2026-03-08-ST-7-1,2026-03-08,ENCOUNTERED,-0.10691628774764377,0.0
2026-03-08-ST-7,2026-03-08-ST-7-8,2026-03-08,PRESTIGE GOOD,-0.23913402209506487,0.0
2026-03-08-ST-7,2026-03-08-ST-7-3,2026-03-08,SOLEIL FIGHTER,-0.16354842430397323,0.0
2026-03-08-ST-7,2026-03-08-ST-7-5,2026-03-08,PACKING ANGEL,-0.17367442903888705,0.0
2026-03-08-ST-7,2026-03-08-ST-7-4,2026-03-08,SWORD POINT,1.0439703612641271,0.003782501308927997
2026-03-08-ST-7,2026-03-08-ST-7-2,2026-03-08,CALIFORNIATOTALITY,-0.09219304158334685,0.0
2026-03-08-ST-8,2026-03-08-ST-8-2,2026-03-08,MAGNIFIQUE,-0.3049904921755126,0.0
2026-03-08-ST-8,2026-03-08-ST-8-6,2026-03-08,VICTORY SKY,-0.2596439756178532,0.0
2026-03-08-ST-8,2026-03-08-ST-8-7,2026-03-08,BLAZING WIND,-0.1177524771816189,0.0
2026-03-08-ST-8,2026-03-08-ST-8-10,2026-03-08,SUPREME SEA,-0.2766600369956914,0.0
2026-03-08-ST-8,2026-03-08-ST-8-12,2026-03-08,PI LEGEND,0.09946832309376985,0.0013087937249180244
2026-03-08-ST-8,2026-03-08-ST-8-8,2026-03-08,GUMMY GUMMY,-0.12140190077523798,0.0
2026-03-08-ST-8,2026-03-08-ST-8-5,2026-03-08,AURORA PATCH,-0.2804532693818399,0.0
2026-03-08-ST-8,2026-03-08-ST-8-3,2026-03-08,MASTEROFMYUNIVERSE,0.26131502825325487,0.0014201903709416023
2026-03-08-ST-8,2026-03-08-ST-8-4,2026-03-08,SWIFT ASCEND,-0.2517632477928269,0.0
2026-03-08-ST-8,2026-03-08-ST-8-1,2026-03-08,CAPITAL DELIGHT,0.047027675154935576,0.0003265810774648304
2026-03-08-ST-8,2026-03-08-ST-8-11,2026-03-08,LIGHTNESS OF BEING,2.846992455857758,0.004420795738909562
2026-03-08-ST-8,2026-03-08-ST-8-9,2026-03-08,PUBLIC ATTENTION,-0.13852688113626432,0.0
2026-03-08-ST-8,,2026-03-08,HERBAL STAR,,0.0
2026-03-08-ST-9,2026-03-08-ST-9-9,2026-03-08,ENDUED,-0.2170153279882412,0.0
2026-03-08-ST-9,2026-03-08-ST-9-7,2026-03-08,SMART AVENUE,-0.2834896951028046,0.0
2026-03-08-ST-9,2026-03-08-ST-9-6,2026-03-08,THE RED HARE,-0.31166441497824177,0.0
2026-03-08-ST-9,2026-03-08-ST-9-3,2026-03-08,GLITTERING LEGEND,0.4340095333419053,0.002214334353785231
2026-03-08-ST-9,2026-03-08-ST-9-1,2026-03-08,THE BOOM BOX,-0.004250304541747007,0.0
2026-03-08-ST-9,2026-03-08-ST-9-12,2026-03-08,LUCKY TWIN STARS,0.5818535329330334,0.0025079893660906617
2026-03-08-ST-9,2026-03-08-ST-9-14,2026-03-08,SHAMUS STORM,-0.1908463372430079,0.0
2026-03-08-ST-9,2026-03-08-ST-9-5,2026-03-08,POWER OF VITAM,-0.29744947351997003,0.0
2026-03-08-ST-9,2026-03-08-ST-9-2,2026-03-08,FAMILY JEWEL,-0.10480367309998544,0.0
2026-03-08-ST-9,2026-03-08-ST-9-8,2026-03-08,VIOLET STAR,0.30809965619608987,0.0021395809458061798
2026-03-08-ST-9,2026-03-08-ST-9-4,2026-03-08,NATURAL NUMBERS,-0.07367832627337656,0.0
2026-03-08-ST-9,2026-03-08-ST-9-10,2026-03-08,HYMNBOOK,0.11738101806639699,0.0010868612783925646
2026-03-08-ST-9,2026-03-08-ST-9-13,2026-03-08,SHAMZ,0.8524912271609283,0.0029600389831976673
2026-03-08-ST-9,2026-03-08-ST-9-11,2026-03-08,FLUORESCENCE,2.5115735363734055,0.003828618195691166
2026-03-08-ST-10,2026-03-08-ST-10-1,2026-03-08,FAST NETWORK,-0.32214602502839135,0.0
2026-03-08-ST-10,2026-03-08-ST-10-11,2026-03-08,SKY TRUST,-0.01987016608576566,0.0
2026-03-08-ST-10,2026-03-08-ST-10-8,2026-03-08,INVINCIBLE SHIELD,-0.2614862309040781,0.0
2026-03-08-ST-10,2026-03-08-ST-10-4,2026-03-08,TOMODACHI KOKOROE,-0.09802284267359651,0.0
2026-03-08-ST-10,2026-03-08-ST-10-2,2026-03-08,PATCH OF THETA,-0.18511981722879456,0.0
2026-03-08-ST-10,2026-03-08-ST-10-6,2026-03-08,STELLAR EXPRESS,-0.22936828734494907,0.0
2026-03-08-ST-10,2026-03-08-ST-10-7,2026-03-08,STORM RIDER,0.2328268047533277,0.0019402233729443976
2026-03-08-ST-10,2026-03-08-ST-10-9,2026-03-08,WUNDERBAR,-0.17528341086785942,0.0
2026-03-08-ST-10,2026-03-08-ST-10-5,2026-03-08,LIGHT YEARS CHARM,0.0481742111875172,0.0004632135691107423
2026-03-08-ST-10,2026-03-08-ST-10-3,2026-03-08,BEAUTY WAVES,-0.12794093375131724,0.0
2026-03-08-ST-10,2026-03-08-ST-10-12,2026-03-08,VICTOR THE WINNER,2.7649772881597148,0.005959002776206282
2026-03-08-ST-10,2026-03-08-ST-10-10,2026-03-08,INVINCIBLE SAGE,0.2404382600086787,0.0020727436207644717
2026-03-08-ST-11,2026-03-08-ST-11-4,2026-03-08,WINNING OVATION,-0.2795329859643799,0.0
2026-03-08-ST-11,2026-03-08-ST-11-3,2026-03-08,SUPER EXPRESS,-0.3336731240514996,0.0
2026-03-08-ST-11,2026-03-08-ST-11-10,2026-03-08,CALIFORNIA WAVES,1.03547840749895,0.002813800020377582
2026-03-08-ST-11,2026-03-08-ST-11-8,2026-03-08,SUNNY DA BEST,0.09802150123511513,0.0010210573045324493
2026-03-08-ST-11,2026-03-08-ST-11-7,2026-03-08,HAROLD WIN,-0.15726899855672924,0.0
2026-03-08-ST-11,2026-03-08-ST-11-14,2026-03-08,ALL ROUND WINNER,-0.029574469691497282,0.0
2026-03-08-ST-11,2026-03-08-ST-11-2,2026-03-08,EVERYONE'S STAR,-0.25603597538995937,0.0
2026-03-08-ST-11,2026-03-08-ST-11-12,2026-03-08,RISING PHOENIX,-0.12893538989157735,0.0
2026-03-08-ST-11,2026-03-08-ST-11-13,2026-03-08,AKERMANIS GOLD,1.0141225765393864,0.004371218002324941
2026-03-08-ST-11,2026-03-08-ST-11-6,2026-03-08,SUPERB KID,0.31932832355458124,0.00185656002066617
2026-03-08-ST-11,2026-03-08-ST-11-5,2026-03-08,KING LOTUS,0.3106223179329399,0.0016881647713746731
2026-03-08-ST-11,2026-03-08-ST-11-11,2026-03-08,MATZDEN,-0.24445664970498374,0.0
2026-03-08-ST-11,2026-03-08-ST-11-9,2026-03-08,PERFECT TEAM,2.750490592033554,0.003737079608741241
2026-03-08-ST-11,2026-03-08-ST-11-1,2026-03-08,CHIU CHOW SPIRIT,-0.12617629314091036,0.0
2026-03-11-HV-2,2026-03-11-HV-2-8,2026-03-11,LUCKY MCQUEEN,-0.26654213194629794,0.0
2026-03-11-HV-2,2026-03-11-HV-2-6,2026-03-11,SMART FIGHTER,0.10250747069687322,0.0010677861530924294
2026-03-11-HV-2,2026-03-11-HV-2-2,2026-03-11,THE HEIR,-0.30803057757230834,0.0
2026-03-11-HV-2,2026-03-11-HV-2-1,2026-03-11,JOKER ORBIT,0.1361943240064692,0.0009202319189626296
2026-03-11-HV-2,2026-03-11-HV-2-9,2026-03-11,VIVA FIRECRACKER,-0.24174608532940559,0.0
2026-03-11-HV-2,2026-03-11-HV-2-4,2026-03-11,KING GLORIOSO,-0.027372696213103117,0.0
2026-03-11-HV-2,2026-03-11-HV-2-3,2026-03-11,FASHION LEGEND,-0.11687576463480058,0.0
2026-03-11-HV-2,2026-03-11-HV-2-11,2026-03-11,LEAN MASTER,-0.15868228573748072,0.0
2026-03-11-HV-2,2026-03-11-HV-2-12,2026-03-11,NOBLE FANS,0.9128655299554477,0.0035110212690594145
2026-03-11-HV-2,2026-03-11-HV-2-7,2026-03-11,SUPREME FEELING,0.35918986395123276,0.002494374055216894
2026-03-11-HV-2,2026-03-11-HV-2-10,2026-03-11,BLAZING BEAM,0.09932432183859793,0.0010796121938978036
2026-03-11-HV-2,2026-03-11-HV-2-5,2026-03-11,SKY PHOENIX,-0.08843342620079048,0.0
2026-03-11-HV-3,2026-03-11-HV-3-11,2026-03-11,GOLDEN BRILLIANT,-0.20725721867881336,0.0
2026-03-11-HV-3,2026-03-11-HV-3-8,2026-03-11,STAR ELEGANCE,0.4279356039359377,0.002743176948307293
2026-03-11-HV-3,2026-03-11-HV-3-9,2026-03-11,WINNING DATA,-0.17527139745642342,0.0
2026-03-11-HV-3,2026-03-11-HV-3-5,2026-03-11,AMAZING AWARD,-0.2800863076350573,0.0
2026-03-11-HV-3,2026-03-11-HV-3-3,2026-03-11,HARMONY GALAXY,-0.21850209102478144,0.0
2026-03-11-HV-3,2026-03-11-HV-3-6,2026-03-11,THE AZURE,-0.1895611643372173,0.0
2026-03-11-HV-3,2026-03-11-HV-3-4,2026-03-11,FORTUNE STAR,-0.28316878484022895,0.0
2026-03-11-HV-3,2026-03-11-HV-3-2,2026-03-11,STELLAR SWIFT,-0.2738909912850919,0.0
2026-03-11-HV-3,2026-03-11-HV-3-7,2026-03-11,TO INFINITY,-0.03866569697257033,0.0
2026-03-11-HV-3,2026-03-11-HV-3-12,2026-03-11,DIRIYA,-0.039010324983242146,0.0
2026-03-11-HV-3,2026-03-11-HV-3-10,2026-03-11,WAVE GARDEN,0.2976044039051009,0.0026571821777241155
2026-03-11-HV-3,2026-03-11-HV-3-1,2026-03-11,KING OF SELECTION,0.8279848658086507,0.0024642406720495557
2026-03-11-HV-4,2026-03-11-HV-4-6,2026-03-11,WIN METHOD,-0.053761517539367094,0.0
2026-03-11-HV-4,2026-03-11-HV-4-10,2026-03-11,RUN RUN TIMING,-0.29659914967210743,0.0
2026-03-11-HV-4,2026-03-11-HV-4-1,2026-03-11,ROMANTIC LAOS,-0.13380859287267893,0.0
2026-03-11-HV-4,2026-03-11-HV-4-7,2026-03-11,VIVACIOUS WIN,-0.27826139832114477,0.0
2026-03-11-HV-4,2026-03-11-HV-4-3,2026-03-11,CELTIC TIMES,0.2924812103091571,0.002031119516035813
2026-03-11-HV-4,2026-03-11-HV-4-11,2026-03-11,DASHING MAURISON,-0.11909163688375851,0.0
2026-03-11-HV-4,2026-03-11-HV-4-4,2026-03-11,ABSOLUTE AWAKENED,-0.24945620286009426,0.0
2026-03-11-HV-4,2026-03-11-HV-4-8,2026-03-11,GOOD LUCK WIN,-0.13280263410584703,0.0
2026-03-11-HV-4,2026-03-11-HV-4-9,2026-03-11,DILBAGH,1.2899065657168813,0.0040819828029015235
2026-03-11-HV-4,2026-03-11-HV-4-12,2026-03-11,SETANTA,-0.004790815893600142,0.0
2026-03-11-HV-4,2026-03-11-HV-4-5,2026-03-11,DERRYNBLUE,1.2828005702865848,0.003375790974438381
2026-03-11-HV-4,2026-03-11-HV-4-2,2026-03-11,WIN EASE,-0.1105993788936004,0.0
2026-03-11-HV-5,2026-03-11-HV-5-4,2026-03-11,SIGHT HERMOSO,-0.1803119112744716,0.0
2026-03-11-HV-5,2026-03-11-HV-5-10,2026-03-11,KING OF FIGHTERS,-0.0493261152121638,0.0
2026-03-11-HV-5,2026-03-11-HV-5-2,2026-03-11,JUMBO TREASURE,-0.23396243121280702,0.0
2026-03-11-HV-5,2026-03-11-HV-5-8,2026-03-11,IGOR STRAVINSKY,-0.033714414831307535,0.0
2026-03-11-HV-5,2026-03-11-HV-5-1,2026-03-11,KING MILES,-0.18074654877199994,0.0
2026-03-11-HV-5,2026-03-11-HV-5-3,2026-03-11,BIENVENUE,-0.28460540162301606,0.0
2026-03-11-HV-5,2026-03-11-HV-5-5,2026-03-11,SUGAR SUGAR,-0.204876855517105,0.0
2026-03-11-HV-5,2026-03-11-HV-5-7,2026-03-11,PRESTIGE ALWAYS,-0.22884966505158566,0.0
2026-03-11-HV-5,2026-03-11-HV-5-9,2026-03-11,IGOT,0.395102551715896,0.0030867386852804373
2026-03-11-HV-5,2026-03-11-HV-5-6,2026-03-11,VULCANUS,0.38182312023128157,0.0034091350020650137
2026-03-11-HV-6,2026-03-11-HV-6-4,2026-03-11,SOMELOVEFROMABOVE,-0.27841682931110234,0.0
2026-03-11-HV-6,2026-03-11-HV-6-1,2026-03-11,VICTOR THE RAPID,-0.24142726362138697,0.0
2026-03-11-HV-6,2026-03-11-HV-6-9,2026-03-11,SAME TO YOU,-0.15800189251204821,0.0
2026-03-11-HV-6,2026-03-11-HV-6-10,2026-03-11,RIDING HIGH,-0.28192396364746053,0.0
2026-03-11-HV-6,2026-03-11-HV-6-8,2026-03-11,HAPPY PARK,-0.2814858826916007,0.0
2026-03-11-HV-6,2026-03-11-HV-6-3,2026-03-11,FUN ELITE,-0.2510176961195899,0.0
2026-03-11-HV-6,2026-03-11-HV-6-7,2026-03-11,CALIFORNIA DEEPLY,-0.10064368246338189,0.0
2026-03-11-HV-6,2026-03-11-HV-6-5,2026-03-11,KING CANNON,0.8314488795605521,0.0025662002455572597
2026-03-11-HV-6,2026-03-11-HV-6-2,2026-03-11,STARRY SHOW,2.057896375334875,0.003297910857908454
2026-03-11-HV-6,2026-03-11-HV-6-11,2026-03-11,UP WITH CHARM,3.126998735004354,0.004681135830844841
2026-03-11-HV-6,2026-03-11-HV-6-6,2026-03-11,TOPSPIN KING,0.8532089441511025,0.003742144491890801
2026-03-11-HV-6,2026-03-11-HV-6-12,2026-03-11,FORTUNE WARRIOR,0.6269886586137774,0.0032655659302800906
2026-03-11-HV-7,2026-03-11-HV-7-6,2026-03-11,TEAM TEAM FOLKS,-0.2209622614399491,0.0
2026-03-11-HV-7,2026-03-11-HV-7-10,2026-03-11,FORERUNNER,0.04058137730335326,0.0005072672162919157
2026-03-11-HV-7,2026-03-11-HV-7-3,2026-03-11,GOLDEN EMPIRE,-0.20022221819420166,0.0
2026-03-11-HV-7,2026-03-11-HV-7-2,2026-03-11,NORTHERN FIRE BALL,-0.24207486984035761,0.0
2026-03-11-HV-7,2026-03-11-HV-7-11,2026-03-11,KIAMA,-0.037592706126032216,0.0
2026-03-11-HV-7,2026-03-11-HV-7-12,2026-03-11,ICONICAL,-0.05283610565696105,0.0
2026-03-11-HV-7,2026-03-11-HV-7-7,2026-03-11,WINNING MONEY,-0.30112220081334357,0.0
2026-03-11-HV-7,2026-03-11-HV-7-8,2026-03-11,CHEERFUL WONGCHOY,0.2694818305916509,0.00232311922923837
2026-03-11-HV-7,2026-03-11-HV-7-5,2026-03-11,THOUSAND SPIRIT,-0.3039817100404932,0.0
2026-03-11-HV-7,2026-03-11-HV-7-1,2026-03-11,ALWAYS AHEAD,1.2709919142642543,0.002837035522911282
2026-03-11-HV-7,2026-03-11-HV-7-9,2026-03-11,FLASH STAR,0.05628931718061198,0.0005863470539647081
2026-03-11-HV-7,2026-03-11-HV-7-4,2026-03-11,PRESTIGE SUPERIOR,1.4308563369750973,0.0032519462203979485
2026-03-11-HV-8,2026-03-11-HV-8-5,2026-03-11,METRO POWER,-0.22117308141275935,0.0
2026-03-11-HV-8,2026-03-11-HV-8-8,2026-03-11,ACE CHAMPION,0.02806030257692106,0.0005010768317307332
2026-03-11-HV-8,2026-03-11-HV-8-9,2026-03-11,MEOWTH,-0.2536537844004318,0.0
2026-03-11-HV-8,2026-03-11-HV-8-2,2026-03-11,WONDER KIT,0.08156793006385246,0.0008866079354766572
2026-03-11-HV-8,2026-03-11-HV-8-7,2026-03-11,SPIRIT OF PEACE,-0.2777706440336781,0.0
2026-03-11-HV-8,2026-03-11-HV-8-3,2026-03-11,OUTGATE,-0.18801420639251806,0.0
2026-03-11-HV-8,2026-03-11-HV-8-1,2026-03-11,LOVE TOGETHER,-0.27391258212105146,0.0
2026-03-11-HV-8,2026-03-11-HV-8-6,2026-03-11,YOUNG ARROW,-0.05776507059988207,0.0
2026-03-11-HV-8,2026-03-11-HV-8-11,2026-03-11,LUCKY TOGETHER,1.748549611568259,0.004328093097941235
2026-03-11-HV-8,2026-03-11-HV-8-4,2026-03-11,WONDERSTAR,-0.22106169748214116,0.0
2026-03-11-HV-8,2026-03-11-HV-8-10,2026-03-11,LEAPING STAR,2.4252422195021732,0.0047000818207406465
2026-03-11-HV-9,2026-03-11-HV-9-8,2026-03-11,FALLON,-0.05950950153835802,0.0
2026-03-11-HV-9,2026-03-11-HV-9-11,2026-03-11,CHINA WIN,-0.31388030198122613,0.0
2026-03-11-HV-9,2026-03-11-HV-9-4,2026-03-11,KEEFY,-0.12176620576588724,0.0
2026-03-11-HV-9,2026-03-11-HV-9-5,2026-03-11,LE ZONDA,0.4806150761322324,0.002355956255550159
2026-03-11-HV-9,2026-03-11-HV-9-6,2026-03-11,HIGHLAND RAHY,-0.1790118582630037,0.0
2026-03-11-HV-9,2026-03-11-HV-9-12,2026-03-11,MIGHTY STRENGTH,0.5509865116312674,0.00313060517972311
2026-03-11-HV-9,2026-03-11-HV-9-2,2026-03-11,MISTER DAPPER,-0.1835636730863425,0.0
2026-03-11-HV-9,2026-03-11-HV-9-7,2026-03-11,ANOTHER WORLD,-0.06836193749754449,0.0
2026-03-11-HV-9,2026-03-11-HV-9-10,2026-03-11,EXCELLENCE VALUE,0.029802133273496876,0.0004656583323983887
2026-03-11-HV-9,2026-03-11-HV-9-1,2026-03-11,JUMBO LEGEND,-0.20188425741718638,0.0
2026-03-11-HV-9,2026-03-11-HV-9-9,2026-03-11,ENTHUSIUM,-0.20192667274663462,0.0
2026-03-11-HV-9,2026-03-11-HV-9-3,2026-03-11,LA CITY BLANCHE,1.8357542302176737,0.0031650935003752997
2026-03-15-ST-2,2026-03-15-ST-2-9,2026-03-15,MAJESTIC DELIGHT,-0.28245966480991885,0.0
2026-03-15-ST-2,2026-03-15-ST-2-8,2026-03-15,YEE CHEONG RAIDER,-0.27293783123517384,0.0
2026-03-15-ST-2,2026-03-15-ST-2-3,2026-03-15,DASH,-0.1400448947968206,0.0
2026-03-15-ST-2,2026-03-15-ST-2-7,2026-03-15,TRIUMPHANT WARRIOR,-0.28467897883752313,0.0
2026-03-15-ST-2,2026-03-15-ST-2-6,2026-03-15,CIRCUIT VICTORY,-0.15612831739108085,0.0
2026-03-15-ST-2,2026-03-15-ST-2-5,2026-03-15,REWARDING TWINKLE,-0.2141797275342227,0.0
2026-03-15-ST-2,2026-03-15-ST-2-12,2026-03-15,RICH HORSE,0.7166562689948471,0.004071910619288904
2026-03-15-ST-2,2026-03-15-ST-2-2,2026-03-15,BASIC INSTINCT,0.8681708069903918,0.003191804437464676
2026-03-15-ST-2,2026-03-15-ST-2-11,2026-03-15,VERBIER,-0.09251956864840856,0.0
2026-03-15-ST-2,2026-03-15-ST-2-4,2026-03-15,SPARKLE AND GOLD,-0.004012644198413706,0.0
2026-03-15-ST-2,2026-03-15-ST-2-1,2026-03-15,WINNING CIGAR,0.19585448884192808,0.0014401065356024125
2026-03-15-ST-2,2026-03-15-ST-2-10,2026-03-15,MULTIDUTCH,0.9272984730811786,0.0036797558455602328
2026-03-15-ST-3,2026-03-15-ST-3-4,2026-03-15,CALL ME SPARKLE,0.08471548494038626,0.000962675965231662
2026-03-15-ST-3,2026-03-15-ST-3-9,2026-03-15,SUPREME VOYAGER,1.635522151930027,0.003324232016117941
2026-03-15-ST-3,2026-03-15-ST-3-1,2026-03-15,CROSSBORDERDUDE,-0.32712089916761805,0.0
2026-03-15-ST-3,2026-03-15-ST-3-2,2026-03-15,MASTER PHOENIX,-0.12617576938474515,0.0
2026-03-15-ST-3,2026-03-15-ST-3-5,2026-03-15,MALPENSA,-0.281913503532635,0.0
2026-03-15-ST-3,2026-03-15-ST-3-12,2026-03-15,CIRRUS SPEED,0.8751891766822817,0.0039070945387601865
2026-03-15-ST-3,2026-03-15-ST-3-8,2026-03-15,SEA CHARIOT,-0.0994357448917683,0.0
2026-03-15-ST-3,2026-03-15-ST-3-7,2026-03-15,RUSSET GLOW,-0.11924337032162816,0.0
2026-03-15-ST-3,2026-03-15-ST-3-11,2026-03-15,RUBY SAILING,-0.019649426768490783,0.0
2026-03-15-ST-3,2026-03-15-ST-3-3,2026-03-15,BRILLIANT WINNER,0.601443687424487,0.0030072184371224353
2026-03-15-ST-3,2026-03-15-ST-3-6,2026-03-15,PERFECT TRIUMPH,-0.203429898368504,0.0
2026-03-15-ST-3,2026-03-15-ST-3-10,2026-03-15,BULLISH PRIDE,0.034408020795946334,0.0004301002599493292
2026-03-15-ST-4,2026-03-15-ST-4-5,2026-03-15,MR INCREDIBLE,-0.2831425095994909,0.0
2026-03-15-ST-4,2026-03-15-ST-4-12,2026-03-15,COME FAST FAY FAY,-0.016825405303960025,0.0
2026-03-15-ST-4,2026-03-15-ST-4-4,2026-03-15,HAPPY BRETHREN,-0.2638393492150889,0.0
2026-03-15-ST-4,2026-03-15-ST-4-11,2026-03-15,SO MY FOLKS,-0.1344478519602011,0.0
2026-03-15-ST-4,2026-03-15-ST-4-7,2026-03-15,CHATER FLASH,0.5585258083323321,0.002538753674237873
2026-03-15-ST-4,2026-03-15-ST-4-10,2026-03-15,ALABAMA SONG,-0.17892593895835046,0.0
2026-03-15-ST-4,2026-03-15-ST-4-3,2026-03-15,FLYING SNIPER,-0.30061756856597627,0.0
2026-03-15-ST-4,2026-03-15-ST-4-8,2026-03-15,GOLDEN WIN,1.685203061215821,0.004681119614488392
2026-03-15-ST-4,2026-03-15-ST-4-2,2026-03-15,PHOENIX LIGHT,0.029157518751605757,0.0002699770254778311
2026-03-15-ST-4,2026-03-15-ST-4-1,2026-03-15,NYX GLUCK,-0.23733462526506716,0.0
2026-03-15-ST-4,2026-03-15-ST-4-9,2026-03-15,GET FRIENDLY,-0.11996958930836776,0.0
2026-03-15-ST-4,2026-03-15-ST-4-6,2026-03-15,TOP MAESTRO,2.494211354762823,0.004213194856018282
2026-03-15-ST-5,2026-03-15-ST-5-1,2026-03-15,NEZHA,0.05748023614464019,0.0005322244087466684
2026-03-15-ST-5,2026-03-15-ST-5-5,2026-03-15,CALIFORNIA STAR,-0.29747725491553484,0.0
2026-03-15-ST-5,2026-03-15-ST-5-11,2026-03-15,NIGHT PUROSANGUE,0.08763852050212599,0.0008426780817512114
2026-03-15-ST-5,2026-03-15-ST-5-10,2026-03-15,BULL ATTITUDE,-0.20613492255892282,0.0
2026-03-15-ST-5,2026-03-15-ST-5-6,2026-03-15,NEVER PETER OUT,-0.19420680978061397,0.0
2026-03-15-ST-5,2026-03-15-ST-5-7,2026-03-15,HAPPY UNIVERSE,-0.3000030776059437,0.0
2026-03-15-ST-5,2026-03-15-ST-5-8,2026-03-15,DAILY TROPHY,0.9356296811985011,0.0026580388670411964
2026-03-15-ST-5,2026-03-15-ST-5-13,2026-03-15,FIREFOOT,-0.23344994354081205,0.0
2026-03-15-ST-5,2026-03-15-ST-5-12,2026-03-15,YODA'S CHOICE,-0.13273272096921662,0.0
2026-03-15-ST-5,2026-03-15-ST-5-3,2026-03-15,ARIEL,0.2241839325579557,0.0010574713799903573
2026-03-15-ST-5,2026-03-15-ST-5-4,2026-03-15,FOREVER FOLKS,-0.26789736727668845,0.0
2026-03-15-ST-5,2026-03-15-ST-5-9,2026-03-15,GOOD GOOD,-0.2335489418833264,0.0
2026-03-15-ST-5,2026-03-15-ST-5-14,2026-03-15,PRINCE ALEX,1.5357912317764129,0.00426608675493448
2026-03-15-ST-5,2026-03-15-ST-5-2,2026-03-15,SUPER LOVE,0.08332966241437163,0.0007715709482812188
2026-03-15-ST-6,2026-03-15-ST-6-3,2026-03-15,WE ARE HERO,-0.05258546921074719,0.0
2026-03-15-ST-6,2026-03-15-ST-6-10,2026-03-15,TURQUOISE VELOCITY,-0.3132415463838497,0.0
2026-03-15-ST-6,2026-03-15-ST-6-2,2026-03-15,GLOWING PRAISES,0.07879718409467462,0.0008208040009861939
2026-03-15-ST-6,2026-03-15-ST-6-7,2026-03-15,FAST RESPONDER,-0.07502952861697465,0.0
2026-03-15-ST-6,2026-03-15-ST-6-12,2026-03-15,LOOKING BRIGHT,-0.29169843316012023,0.0
2026-03-15-ST-6,2026-03-15-ST-6-13,2026-03-15,LUCKY CANDY,1.3752869624044586,0.004842559726776262
2026-03-15-ST-6,2026-03-15-ST-6-6,2026-03-15,TOGETHER WE VALUE,-0.22980896266644457,0.0
2026-03-15-ST-6,2026-03-15-ST-6-5,2026-03-15,THE UNIQUE STAR,-0.29254584710414366,0.0
2026-03-15-ST-6,2026-03-15-ST-6-4,2026-03-15,WHIZZ KID,0.23473044856888461,0.0016300725595061432
2026-03-15-ST-6,2026-03-15-ST-6-1,2026-03-15,YOUTHFUL SPIRITS,0.01659570655945478,0.0001220272541136381
2026-03-15-ST-6,2026-03-15-ST-6-9,2026-03-15,TACTICAL ACE,0.03568985278804665,0.00035689852788046647
2026-03-15-ST-6,2026-03-15-ST-6-11,2026-03-15,GIANT SPIRIT,1.9277553829462895,0.003950318407676822
2026-03-15-ST-6,2026-03-15-ST-6-8,2026-03-15,MUST GO,1.1245959398265402,0.00338733716815223
2026-03-15-ST-7,2026-03-15-ST-7-1,2026-03-15,ENDEARED,-0.28305192869965917,0.0
2026-03-15-ST-7,2026-03-15-ST-7-12,2026-03-15,JUST FOLLOW ME,-0.24336849347751083,0.0
2026-03-15-ST-7,2026-03-15-ST-7-2,2026-03-15,PAPAYA BROSE,-0.3249409458094971,0.0
2026-03-15-ST-7,2026-03-15-ST-7-10,2026-03-15,THUNDER PRINCE,-0.19428739442494883,0.0
2026-03-15-ST-7,2026-03-15-ST-7-7,2026-03-15,CALIFORNIA BAY,-0.2881586538435353,0.0
2026-03-15-ST-7,2026-03-15-ST-7-13,2026-03-15,PROUD BOX,0.015549553353479649,0.00022866990225705369
2026-03-15-ST-7,2026-03-15-ST-7-4,2026-03-15,LIGHT YEARS GLORY,-0.22476615386605941,0.0
2026-03-15-ST-7,2026-03-15-ST-7-9,2026-03-15,LAKESHORE HERO,0.11194155040555985,0.0008745433625434363
2026-03-15-ST-7,2026-03-15-ST-7-14,2026-03-15,SUPERB GUY,0.22248253629184264,0.0015891609735131616
2026-03-15-ST-7,2026-03-15-ST-7-6,2026-03-15,BLOSSOMY,0.012853146135101412,0.00011080298392328803
2026-03-15-ST-7,2026-03-15-ST-7-11,2026-03-15,AMAZING FUN,0.37386516218095456,0.002526115960682125
2026-03-15-ST-7,2026-03-15-ST-7-8,2026-03-15,KINGDOM OF RICHES,0.4673530418431201,0.0023367652092156008
2026-03-15-ST-7,2026-03-15-ST-7-3,2026-03-15,GREY CHARGER,1.4680404194567394,0.0027803795823044303
2026-03-15-ST-7,2026-03-15-ST-7-5,2026-03-15,NOVA KNIGHT,1.0763135982579015,0.002446167268767958
2026-03-15-ST-8,2026-03-15-ST-8-8,2026-03-15,THUNDER BLAZE,-0.13290377285846997,0.0
2026-03-15-ST-8,2026-03-15-ST-8-7,2026-03-15,ROMANTIC THOR,-0.298363840172578,0.0
2026-03-15-ST-8,2026-03-15-ST-8-4,2026-03-15,DEFINITIVE,-0.13842874597775423,0.0
2026-03-15-ST-8,2026-03-15-ST-8-1,2026-03-15,TALENTS AMBITION,-0.24924860373828214,0.0
2026-03-15-ST-8,2026-03-15-ST-8-9,2026-03-15,THRIVING BROTHERS,-0.031279951726626065,0.0
2026-03-15-ST-8,2026-03-15-ST-8-5,2026-03-15,SKY VINO,-0.2573617349526055,0.0
2026-03-15-ST-8,2026-03-15-ST-8-3,2026-03-15,TELECOM FIGHTERS,-0.15961081322040194,0.0
2026-03-15-ST-8,2026-03-15-ST-8-11,2026-03-15,ALLCASH,-0.1596861712206579,0.0
2026-03-15-ST-8,2026-03-15-ST-8-10,2026-03-15,STURDY RUBY,0.840979530792298,0.004570540928219011
2026-03-15-ST-8,2026-03-15-ST-8-6,2026-03-15,SUPER JOY N FUN,0.3546395151184868,0.002462774410545047
2026-03-15-ST-8,2026-03-15-ST-8-2,2026-03-15,DRAGON AIR FORCE,-0.2869728842838393,0.0
2026-03-15-ST-8,2026-03-15-ST-8-12,2026-03-15,OSI HONOUR,0.11959190511221217,0.0011499221645405015
2026-03-15-ST-9,2026-03-15-ST-9-5,2026-03-15,DEVAS TWELVE,-0.2514324732173354,0.0
2026-03-15-ST-9,2026-03-15-ST-9-3,2026-03-15,HAPPY BOSS,-0.3146486741493483,0.0
2026-03-15-ST-9,2026-03-15-ST-9-13,2026-03-15,PERIDOT,-0.17200246625461357,0.0
2026-03-15-ST-9,2026-03-15-ST-9-10,2026-03-15,BIG RETURN,-0.1951855866470172,0.0
2026-03-15-ST-9,2026-03-15-ST-9-9,2026-03-15,AMAZING DUCK,-0.2409935629679242,0.0
2026-03-15-ST-9,2026-03-15-ST-9-14,2026-03-15,THE ALL ROUNDER,0.3191464520519217,0.0017730358447328985
2026-03-15-ST-9,2026-03-15-ST-9-12,2026-03-15,SPECIAL HEDGE,0.0038785250820642546,4.407414865982108e-05
2026-03-15-ST-9,2026-03-15-ST-9-1,2026-03-15,EIGHTY LIGHT YEARS,-0.2808024585669376,0.0
2026-03-15-ST-9,2026-03-15-ST-9-7,2026-03-15,BRIGHT DAY,-0.06193557118470556,0.0
2026-03-15-ST-9,2026-03-15-ST-9-11,2026-03-15,MADE FOR LIFE,0.018099263335801696,0.00016758577162779347
2026-03-15-ST-9,2026-03-15-ST-9-8,2026-03-15,SMART FIGHTER,0.0887358233287443,0.0007922841368637883
2026-03-15-ST-9,2026-03-15-ST-9-6,2026-03-15,FLYING KNIGHT,-0.22988682623976742,0.0
2026-03-15-ST-9,2026-03-15-ST-9-4,2026-03-15,LET'S HAVE FUN,-0.19444822972817039,0.0
2026-03-15-ST-9,2026-03-15-ST-9-2,2026-03-15,RUN RUN SMART,-0.22861419157616564,0.0
2026-03-15-ST-9,,2026-03-15,TYCOON EXPRESS,,0.0
2026-03-15-ST-10,2026-03-15-ST-10-4,2026-03-15,SMART GOLF,-0.32236586331055117,0.0
2026-03-15-ST-10,2026-03-15-ST-10-9,2026-03-15,WUKONG JEWELLERY,-0.12212306230362535,0.0
2026-03-15-ST-10,2026-03-15-ST-10-3,2026-03-15,RED SEA,-0.26856439904375495,0.0
2026-03-15-ST-10,2026-03-15-ST-10-7,2026-03-15,THUNDER KIT,-0.172171754874448,0.0
2026-03-15-ST-10,2026-03-15-ST-10-1,2026-03-15,ALL OUT FOR SIX,-0.15388365480478944,0.0
2026-03-15-ST-10,2026-03-15-ST-10-2,2026-03-15,HELENE SUPAFEELING,-0.22856391499039072,0.0
2026-03-15-ST-10,2026-03-15-ST-10-5,2026-03-15,ANODE,0.33877278950406986,0.0021716204455389096
2026-03-15-ST-10,2026-03-15-ST-10-6,2026-03-15,QUANTUM CLOUD,0.15754283771069272,0.0014587299788027105
2026-03-15-ST-10,2026-03-15-ST-10-10,2026-03-15,CORNERSTONE,3.2810279801755864,0.005736062902404871
2026-03-15-ST-10,2026-03-15-ST-10-12,2026-03-15,LO PAN SPIRIT,1.8217819494940029,0.0045544548737350065
2026-03-15-ST-10,2026-03-15-ST-10-11,2026-03-15,E HO HO,0.5976108334382834,0.003557207341894544
2026-03-15-ST-10,2026-03-15-ST-10-8,2026-03-15,CASA OF HONOR,0.35905074162722217,0.002137206795400132
2026-03-15-ST-11,2026-03-15-ST-11-7,2026-03-15,FIT FOR BEAUTY,-0.29789532776398747,0.0
2026-03-15-ST-11,2026-03-15-ST-11-2,2026-03-15,MIGHTY MASTS,-0.28096259901343335,0.0
2026-03-15-ST-11,2026-03-15-ST-11-11,2026-03-15,PACKING GLORY,-0.2495546641429311,0.0
2026-03-15-ST-11,2026-03-15-ST-11-12,2026-03-15,NEVER TOO SOON,0.018792979689001243,0.0003132163281500207
2026-03-15-ST-11,2026-03-15-ST-11-3,2026-03-15,DO YOU JUST,1.000030801199827,0.0029070662825576364
2026-03-15-ST-11,2026-03-15-ST-11-5,2026-03-15,SUPER UNICORN,0.18132030792549797,0.0019708729122336734
2026-03-15-ST-11,2026-03-15-ST-11-8,2026-03-15,GHORGAN,-0.2673431921905253,0.0
2026-03-15-ST-11,2026-03-15-ST-11-6,2026-03-15,DRAGON ON SNOW,0.9889045891346003,0.003745850716418941
2026-03-15-ST-11,2026-03-15-ST-11-4,2026-03-15,NEW FUTURE FOLKS,0.05555466373452151,0.0005786944139012657
2026-03-15-ST-11,2026-03-15-ST-11-9,2026-03-15,KA YING SUPERB,0.07293524675248148,0.0007927744212226247
2026-03-15-ST-11,2026-03-15-ST-11-1,2026-03-15,RIDING TOGETHER,-0.2762411663145906,0.0
2026-03-15-ST-11,2026-03-15-ST-11-10,2026-03-15,JOLTIN,1.4683538640925897,0.004588605825289343
2026-03-18-HV-2,2026-03-18-HV-2-2,2026-03-18,ARMOR GOLDEN EAGLE,-0.29169643135362044,0.0
2026-03-18-HV-2,2026-03-18-HV-2-4,2026-03-18,FANTASTIC FUN,-0.2614259571388086,0.0
2026-03-18-HV-2,2026-03-18-HV-2-9,2026-03-18,THE LION KING,-0.22848226730103127,0.0
2026-03-18-HV-2,2026-03-18-HV-2-6,2026-03-18,AESTHETICISM,-0.16489008852040593,0.0
2026-03-18-HV-2,2026-03-18-HV-2-1,2026-03-18,MIGHTY STEED,-0.3138037506923877,0.0
2026-03-18-HV-2,2026-03-18-HV-2-5,2026-03-18,VERMILION TEMPEST,-0.1605452417301234,0.0
2026-03-18-HV-2,2026-03-18-HV-2-8,2026-03-18,SHOOTING TO TOP,-0.08817702350289292,0.0
2026-03-18-HV-2,2026-03-18-HV-2-7,2026-03-18,INNO SUPER,-0.2128603682705129,0.0
2026-03-18-HV-2,2026-03-18-HV-2-12,2026-03-18,LUCKY FIELD,2.8621536624053223,0.00616843461725285
2026-03-18-HV-2,2026-03-18-HV-2-3,2026-03-18,COLOURFUL GAN,0.9794458931293658,0.0026615377530689287
2026-03-18-HV-2,2026-03-18-HV-2-11,2026-03-18,LESLIE,0.1084635658808688,0.00112982881125905
2026-03-18-HV-2,2026-03-18-HV-2-10,2026-03-18,REGROWTH WINNER,2.9872181810029175,0.0054912098915494804
2026-03-18-HV-3,2026-03-18-HV-3-5,2026-03-18,NOTTHESILLYONE,0.007283196514970069,7.283196514970069e-05
2026-03-18-HV-3,2026-03-18-HV-3-3,2026-03-18,BEAUTY THUNDER,-0.30630939837959803,0.0
2026-03-18-HV-3,2026-03-18-HV-3-11,2026-03-18,HAPPY UNITED,-0.07013328221879361,0.0
2026-03-18-HV-3,2026-03-18-HV-3-9,2026-03-18,GOLDEN FRIENDSHIP,-0.11899347033162638,0.0
2026-03-18-HV-3,2026-03-18-HV-3-10,2026-03-18,HEROIC MASTER,-0.09021998927933131,0.0
2026-03-18-HV-3,2026-03-18-HV-3-12,2026-03-18,SAVVY TWINKLE,-0.20737865752910736,0.0
2026-03-18-HV-3,2026-03-18-HV-3-4,2026-03-18,HARMONY FIRE,-0.04169187117402459,0.0
2026-03-18-HV-3,2026-03-18-HV-3-7,2026-03-18,HONEST WITNESS,-0.2031558174588247,0.0
2026-03-18-HV-3,2026-03-18-HV-3-8,2026-03-18,WATCH THIS ONE,-0.18375672340632843,0.0
2026-03-18-HV-3,2026-03-18-HV-3-2,2026-03-18,CAPTAIN LINK,0.6480951370003515,0.002492673603847506
2026-03-18-HV-3,2026-03-18-HV-3-1,2026-03-18,PARENTS' LOVE,-0.29076357212736087,0.0
2026-03-18-HV-3,2026-03-18-HV-3-6,2026-03-18,SIR CHARGE,0.7237213198058426,0.002741368635628192
2026-03-18-HV-4,2026-03-18-HV-4-12,2026-03-18,WORLD HERO,-0.26917643887930354,0.0
2026-03-18-HV-4,2026-03-18-HV-4-2,2026-03-18,SUPERB KING,-0.3253731580734342,0.0
2026-03-18-HV-4,2026-03-18-HV-4-4,2026-03-18,FREE PONY,-0.10564559791149658,0.0
2026-03-18-HV-4,2026-03-18-HV-4-3,2026-03-18,QUARTZ LEGEND,-0.27894650688162775,0.0
2026-03-18-HV-4,2026-03-18-HV-4-5,2026-03-18,GOKO WIN,-0.23637817303263506,0.0
2026-03-18-HV-4,2026-03-18-HV-4-6,2026-03-18,MARVEL AND GOLD,0.6897598316468725,0.003253584111541851
2026-03-18-HV-4,2026-03-18-HV-4-9,2026-03-18,LEGEND STAR,-0.07180677063451096,0.0
2026-03-18-HV-4,2026-03-18-HV-4-7,2026-03-18,TRENDY RUSH,0.22721197245300492,0.0013524522169821723
2026-03-18-HV-4,2026-03-18-HV-4-10,2026-03-18,ZEPHYR,0.04491643832704127,0.0005910057674610694
2026-03-18-HV-4,2026-03-18-HV-4-1,2026-03-18,VERY GRATEFUL,-0.19617681006920393,0.0
2026-03-18-HV-4,2026-03-18-HV-4-11,2026-03-18,MAGIC SUPER,2.9177301666345516,0.003964307291623032
2026-03-18-HV-4,2026-03-18-HV-4-8,2026-03-18,FORTUNE SUPERNOVA,0.22545179723630288,0.0018181596551314749
2026-03-18-HV-4,,2026-03-18,GREEN FIELD PEARL,,0.0
2026-03-18-HV-5,2026-03-18-HV-5-6,2026-03-18,SKY CAP,-0.288165137914752,0.0
2026-03-18-HV-5,2026-03-18-HV-5-5,2026-03-18,RAINBOW SEVEN,-0.3155046083057738,0.0
2026-03-18-HV-5,2026-03-18-HV-5-11,2026-03-18,SWAGGER BRO,-0.21381989849502706,0.0
2026-03-18-HV-5,2026-03-18-HV-5-12,2026-03-18,WINNING CHAMPION,-0.24411965436868246,0.0
2026-03-18-HV-5,2026-03-18-HV-5-4,2026-03-18,JOLLY COMPANION,0.02109932989775194,0.00020287817209376863
2026-03-18-HV-5,2026-03-18-HV-5-9,2026-03-18,HOLMES A COURT,-0.1639041561044104,0.0
2026-03-18-HV-5,2026-03-18-HV-5-8,2026-03-18,GRAND MASTERMIND,2.112352636758807,0.004258775477336304
2026-03-18-HV-5,2026-03-18-HV-5-3,2026-03-18,DIAMOND SPARKLE,-0.11797922198401349,0.0
2026-03-18-HV-5,2026-03-18-HV-5-2,2026-03-18,AUTOMATED,0.3219696316427975,0.0015479309213596035
2026-03-18-HV-5,2026-03-18-HV-5-1,2026-03-18,KING OBERON,-0.054809654563619546,0.0
2026-03-18-HV-5,2026-03-18-HV-5-10,2026-03-18,FULL OF LAUGHTER,1.0473448403883512,0.003272952626213597
2026-03-18-HV-5,2026-03-18-HV-5-7,2026-03-18,VIEW OF COSMOS,0.5842820821147584,0.003175446098449774
2026-03-18-HV-5,,2026-03-18,FORTUNE GOLDSADDLE,,0.0
2026-03-18-HV-6,2026-03-18-HV-6-3,2026-03-18,ACE WAR,-0.31880368826581135,0.0
2026-03-18-HV-6,2026-03-18-HV-6-12,2026-03-18,KINGLY DEMEANOR,-0.07499639089091413,0.0
2026-03-18-HV-6,2026-03-18-HV-6-11,2026-03-18,SMART CITY,-0.08030861957236107,0.0
2026-03-18-HV-6,2026-03-18-HV-6-6,2026-03-18,RELIABLE DAD,-0.2042568113187011,0.0
2026-03-18-HV-6,2026-03-18-HV-6-8,2026-03-18,CAN'T GO WONG,0.2545959264178789,0.002448037754018067
2026-03-18-HV-6,2026-03-18-HV-6-10,2026-03-18,GOOD LUCK WIN,0.16356906516086706,0.0014100781479385093
2026-03-18-HV-6,2026-03-18-HV-6-9,2026-03-18,FOREVER GLORIOUS,0.5647069863273878,0.0038155877454553234
2026-03-18-HV-6,2026-03-18-HV-6-4,2026-03-18,AMAZING GAZE,-0.21736441416217378,0.0
2026-03-18-HV-6,2026-03-18-HV-6-2,2026-03-18,NOBLE PURSUIT,-0.04005054993115755,0.0
2026-03-18-HV-6,2026-03-18-HV-6-5,2026-03-18,OCEAN IMPACT,-0.14589976500947555,0.0
2026-03-18-HV-6,2026-03-18-HV-6-1,2026-03-18,CHARITY GAIN,-0.14720829883554842,0.0
2026-03-18-HV-6,2026-03-18-HV-6-7,2026-03-18,SHARPEN BRIGHT,0.7039071435506108,0.003258829368289865
2026-03-18-HV-7,2026-03-18-HV-7-6,2026-03-18,CRIMSON FLASH,-0.2696642123076092,0.0
2026-03-18-HV-7,2026-03-18-HV-7-4,2026-03-18,BRAVE STAR,0.19850410590881248,0.002157653325095788
2026-03-18-HV-7,2026-03-18-HV-7-8,2026-03-18,YOUNG CHAMPION,-0.26553719372255286,0.0
2026-03-18-HV-7,2026-03-18-HV-7-7,2026-03-18,ROMANTIC SON,-0.14377533968448586,0.0
2026-03-18-HV-7,2026-03-18-HV-7-10,2026-03-18,SON PAK FU,-0.08228783048798201,0.0
2026-03-18-HV-7,2026-03-18-HV-7-1,2026-03-18,COLOURFUL KING,-0.3060661251636476,0.0
2026-03-18-HV-7,2026-03-18-HV-7-5,2026-03-18,CHATEAUNEUF,0.7862312659292183,0.0037086380468359355
2026-03-18-HV-7,2026-03-18-HV-7-3,2026-03-18,KAHOLO ANGEL,0.1520508161955084,0.001407877927736189
2026-03-18-HV-7,2026-03-18-HV-7-2,2026-03-18,MAGIC CONTROL,-0.02278768916043984,0.0
2026-03-18-HV-7,2026-03-18-HV-7-9,2026-03-18,GUSTOSISIMO,0.01699665887859949,0.000265572794978117
2026-03-18-HV-8,2026-03-18-HV-8-7,2026-03-18,AURIO,-0.3097174877374138,0.0
2026-03-18-HV-8,2026-03-18-HV-8-10,2026-03-18,STRAIGHT TO GLORY,-0.15621597169573173,0.0
2026-03-18-HV-8,2026-03-18-HV-8-11,2026-03-18,STORMING DRAGON,-0.1914231067160484,0.0
2026-03-18-HV-8,2026-03-18-HV-8-8,2026-03-18,POWER KOEPP,0.03009155159828004,0.00035823275712238144
2026-03-18-HV-8,2026-03-18-HV-8-12,2026-03-18,ARGENTO OCEAN,0.02656642924462614,0.00036897818395314086
2026-03-18-HV-8,2026-03-18-HV-8-9,2026-03-18,FLYING WROTE,-0.16054423138238655,0.0
2026-03-18-HV-8,2026-03-18-HV-8-2,2026-03-18,LUCY IN THE SKY,-0.18696548806471017,0.0
2026-03-18-HV-8,2026-03-18-HV-8-4,2026-03-18,SOVEREIGN FUND,-0.18631120939299078,0.0
2026-03-18-HV-8,2026-03-18-HV-8-6,2026-03-18,MATTERS MOST,0.01549843786510322,0.00017611861210344569
2026-03-18-HV-8,2026-03-18-HV-8-1,2026-03-18,MASTEROFMYUNIVERSE,-0.12073694848453563,0.0
2026-03-18-HV-8,2026-03-18-HV-8-5,2026-03-18,I CAN,1.0887805362584844,0.0028652119375223275
2026-03-18-HV-8,2026-03-18-HV-8-3,2026-03-18,LUCKY PLANET,-0.16054423138238655,0.0
2026-03-18-HV-9,2026-03-18-HV-9-12,2026-03-18,WIN BEAUTY VIVA,-0.20898624839321678,0.0
2026-03-18-HV-9,2026-03-18-HV-9-3,2026-03-18,DO YOUR PART,-0.24495040506759874,0.0
2026-03-18-HV-9,2026-03-18-HV-9-1,2026-03-18,MAX QUE,-0.32198204564613647,0.0
2026-03-18-HV-9,2026-03-18-HV-9-8,2026-03-18,SO YOU WILL,0.009730468229942855,0.000105765959021118
2026-03-18-HV-9,2026-03-18-HV-9-7,2026-03-18,VIOLET STAR,-0.03937146760477517,0.0
2026-03-18-HV-9,2026-03-18-HV-9-9,2026-03-18,STORMI,-0.20102701041093396,0.0
2026-03-18-HV-9,2026-03-18-HV-9-11,2026-03-18,WITHALLMYFAITH,-0.25214830713901326,0.0
2026-03-18-HV-9,2026-03-18-HV-9-10,2026-03-18,GRATIFIDE,1.2482235161144732,0.003000537298352099
2026-03-18-HV-9,2026-03-18-HV-9-5,2026-03-18,VIVA GRACIOUSNESS,-0.03883469657704126,0.0
2026-03-18-HV-9,2026-03-18-HV-9-6,2026-03-18,FORTUNATE SON,-0.02053339714461958,0.0
2026-03-18-HV-9,2026-03-18-HV-9-2,2026-03-18,NOISY BOY,0.7734949614104595,0.0022226866707197113
2026-03-18-HV-9,2026-03-18-HV-9-4,2026-03-18,TOURBILLON PRINCE,1.0133756621388066,0.0029119990291345014
2026-03-18-HV-9,,2026-03-18,SAMARKAND,,0.0
2026-03-22-ST-2,2026-03-22-ST-2-6,2026-03-22,ABSOLUTE HEART,-0.02757637288861837,0.0
2026-03-22-ST-2,2026-03-22-ST-2-9,2026-03-22,PRESTIGE HALL,-0.31077128396074133,0.0
2026-03-22-ST-2,2026-03-22-ST-2-1,2026-03-22,BABY SAKURA,-0.328887630327766,0.0
2026-03-22-ST-2,2026-03-22-ST-2-10,2026-03-22,TOP THRONE,0.539458929722934,0.002366047937381289
2026-03-22-ST-2,2026-03-22-ST-2-14,2026-03-22,GOOD FORTUNE,0.3461105077563509,0.0023385845118672356
2026-03-22-ST-2,2026-03-22-ST-2-3,2026-03-22,ALSONSO,-0.06785086179688943,0.0
2026-03-22-ST-2,2026-03-22-ST-2-2,2026-03-22,SPICY STANDARD,-0.31194755244360167,0.0
2026-03-22-ST-2,2026-03-22-ST-2-13,2026-03-22,THUNDER PRINCE,-0.1328255818955086,0.0
2026-03-22-ST-2,2026-03-22-ST-2-7,2026-03-22,DAILY ACCLAIM,-0.012021160978074485,0.0
2026-03-22-ST-2,2026-03-22-ST-2-12,2026-03-22,MAJESTIC LIFE,1.0771637395136286,0.0022821265667661624
2026-03-22-ST-2,2026-03-22-ST-2-11,2026-03-22,JOY STAR,1.729470005716478,0.003727306046802754
2026-03-22-ST-2,2026-03-22-ST-2-4,2026-03-22,LIGHTNESS OF BEING,2.958663822644656,0.0036081266129812874
2026-03-22-ST-2,2026-03-22-ST-2-8,2026-03-22,FORZA LEADER,2.4255471021813446,0.002647977185787494
2026-03-22-ST-2,2026-03-22-ST-2-5,2026-03-22,REAL GENTLEMAN,,0.0
2026-03-22-ST-2,,2026-03-22,NAVAS G,,0.0
2026-03-22-ST-3,2026-03-22-ST-3-9,2026-03-22,CIRCUIT CHAMPION,-0.29573514730208045,0.0
2026-03-22-ST-3,2026-03-22-ST-3-2,2026-03-22,KA YING ATTACK,-0.25798405121577467,0.0
2026-03-22-ST-3,2026-03-22-ST-3-3,2026-03-22,YOUNG EMPEROR,0.14943142162535727,0.0015565773085974715
2026-03-22-ST-3,2026-03-22-ST-3-1,2026-03-22,SOUTH STAR,0.1264395360634777,0.0011289244291381936
2026-03-22-ST-3,2026-03-22-ST-3-10,2026-03-22,REFUSETOBEENGLISH,0.1561548262060103,0.002296394503029563
2026-03-22-ST-3,2026-03-22-ST-3-6,2026-03-22,LIFELINE EXPRESS,-0.19407674443126632,0.0
2026-03-22-ST-3,2026-03-22-ST-3-4,2026-03-22,CITY GOLD BANNER,-0.20679191207982475,0.0
2026-03-22-ST-3,2026-03-22-ST-3-7,2026-03-22,COMPLETE UNKNOWN,1.0080241416917315,0.005040120708458658
2026-03-22-ST-3,2026-03-22-ST-3-5,2026-03-22,GOLDEN CHAMP,0.04753300089874602,0.0006601805680381392
2026-03-22-ST-3,2026-03-22-ST-3-8,2026-03-22,PRESTIGE WIN,1.8371244103018787,0.005103123361949663
2026-03-22-ST-4,2026-03-22-ST-4-3,2026-03-22,GOLD PATCH,-0.33005271761870303,0.0
2026-03-22-ST-4,2026-03-22-ST-4-6,2026-03-22,ISLAND BUDDY,-0.27836892008848574,0.0
2026-03-22-ST-4,2026-03-22-ST-4-13,2026-03-22,ELEGANT LIFE,-0.15632012689941885,0.0
2026-03-22-ST-4,2026-03-22-ST-4-7,2026-03-22,VOYAGE BOSS,-0.24642692904722885,0.0
2026-03-22-ST-4,2026-03-22-ST-4-2,2026-03-22,GOLDENTRONICMIGHTY,-0.1294523996545896,0.0
2026-03-22-ST-4,2026-03-22-ST-4-11,2026-03-22,GREAT SPIRIT,-0.0834558084174751,0.0
2026-03-22-ST-4,2026-03-22-ST-4-4,2026-03-22,MASTER LUCKY,-0.2664352453846453,0.0
2026-03-22-ST-4,2026-03-22-ST-4-5,2026-03-22,HAPPY SHOOTER,-0.2719408391445013,0.0
2026-03-22-ST-4,2026-03-22-ST-4-14,2026-03-22,LUCKY PLUS,1.0947002220509157,0.004887054562727302
2026-03-22-ST-4,2026-03-22-ST-4-10,2026-03-22,CELESTIAL STRIDER,1.767881397193315,0.003911242029188749
2026-03-22-ST-4,2026-03-22-ST-4-9,2026-03-22,SHANDONG SPIRIT,-0.0839373833922636,0.0
2026-03-22-ST-4,2026-03-22-ST-4-8,2026-03-22,POLAR PATCH,-0.1043105836860843,0.0
2026-03-22-ST-4,2026-03-22-ST-4-1,2026-03-22,EVERSTAR,0.9275084055466767,0.003091694685155589
2026-03-22-ST-4,2026-03-22-ST-4-12,2026-03-22,LEATHER GOODS,3.5598374797256542,0.003559837479725654
2026-03-22-ST-5,2026-03-22-ST-5-1,2026-03-22,AEROINVINCIBLE,-0.29943281931129395,0.0
2026-03-22-ST-5,2026-03-22-ST-5-5,2026-03-22,EIGHTY LIGHT YEARS,-0.12593676762856582,0.0
2026-03-22-ST-5,2026-03-22-ST-5-11,2026-03-22,JOLLY BRILLIANT,-0.20445624916195293,0.0
2026-03-22-ST-5,2026-03-22-ST-5-12,2026-03-22,ABSOLUTE HONOUR,-0.28111046854965804,0.0
2026-03-22-ST-5,2026-03-22-ST-5-7,2026-03-22,GALLANT DESIGN,-0.30322127442291685,0.0
2026-03-22-ST-5,2026-03-22-ST-5-2,2026-03-22,ALL ROUND WINNER,-0.26080677807948355,0.0
2026-03-22-ST-5,2026-03-22-ST-5-9,2026-03-22,REGENCY DREAM,0.482988557665117,0.002278247913514703
2026-03-22-ST-5,2026-03-22-ST-5-13,2026-03-22,INCREDIBLE MOMENT,-0.09537110600968066,0.0
2026-03-22-ST-5,2026-03-22-ST-5-3,2026-03-22,CONRAD PATCH,-0.2785033116952791,0.0
2026-03-22-ST-5,2026-03-22-ST-5-10,2026-03-22,GORGEOUS VICTORY,0.1964153573288786,0.0012275959833054912
2026-03-22-ST-5,2026-03-22-ST-5-6,2026-03-22,STAR SATYR,0.031788248770081594,0.0002207517275700111
2026-03-22-ST-5,2026-03-22-ST-5-4,2026-03-22,REZEKI,-0.10761076372134055,0.0
2026-03-22-ST-5,2026-03-22-ST-5-8,2026-03-22,LUCKY GIBS,1.8677541891769769,0.0031549901844205694
2026-03-22-ST-5,2026-03-22-ST-5-14,2026-03-22,CHILL PARTNERS,-0.20725818865812573,0.0
2026-03-22-ST-5,,2026-03-22,LUCK SMILES,,0.0
2026-03-22-ST-6,2026-03-22-ST-6-4,2026-03-22,HOT DELIGHT,-0.31392125530252435,0.0
2026-03-22-ST-6,2026-03-22-ST-6-1,2026-03-22,PAKISTAN LEGACY,-0.11909479786137082,0.0
2026-03-22-ST-6,2026-03-22-ST-6-5,2026-03-22,STAR RISE,0.09151644336854131,0.0012710617134519629
2026-03-22-ST-6,2026-03-22-ST-6-3,2026-03-22,COOL BOY,-0.2819683356563332,0.0
2026-03-22-ST-6,2026-03-22-ST-6-6,2026-03-22,EXCEED THE LIMIT,1.0879096077062667,0.004689265550458046
2026-03-22-ST-6,2026-03-22-ST-6-10,2026-03-22,MATZDEN,0.36197072386190454,0.0036197072386190457
2026-03-22-ST-6,2026-03-22-ST-6-2,2026-03-22,MICKLEY,-0.0756826617378138,0.0
2026-03-22-ST-6,2026-03-22-ST-6-7,2026-03-22,WONDERSTAR,1.350818137476794,0.005822491971882733
2026-03-22-ST-6,2026-03-22-ST-6-8,2026-03-22,JUMBO STEPS,1.4187448382499226,0.005814528025614437
2026-03-22-ST-6,2026-03-22-ST-6-9,2026-03-22,CHEAHA,3.5821418299381316,0.005597096609278331
2026-03-22-ST-7,2026-03-22-ST-7-5,2026-03-22,INVINCIBLE IBIS,-0.2676820007436152,0.0
2026-03-22-ST-7,2026-03-22-ST-7-2,2026-03-22,NUMBERS,-0.3022137833395889,0.0
2026-03-22-ST-7,2026-03-22-ST-7-3,2026-03-22,STORMY GROVE,-0.26790675312188694,0.0
2026-03-22-ST-7,2026-03-22-ST-7-6,2026-03-22,PATCH OF COSMO,-0.20988283365805518,0.0
2026-03-22-ST-7,2026-03-22-ST-7-13,2026-03-22,SERAPH GABRIEL,-0.1095660742867716,0.0
2026-03-22-ST-7,2026-03-22-ST-7-14,2026-03-22,POPE CODY,0.3645713296048393,0.0018988090083585378
2026-03-22-ST-7,2026-03-22-ST-7-9,2026-03-22,TOP DRAGON,-0.15824425501903772,0.0
2026-03-22-ST-7,2026-03-22-ST-7-11,2026-03-22,JUNEAU PRIDE,0.29700631018990625,0.0019539888828283307
2026-03-22-ST-7,2026-03-22-ST-7-1,2026-03-22,LITTLE PARADISE,-0.31037925448371745,0.0
2026-03-22-ST-7,2026-03-22-ST-7-12,2026-03-22,DAZZLING FIT,0.09125482719007992,0.0006337140777088883
2026-03-22-ST-7,2026-03-22-ST-7-10,2026-03-22,REGAL GEM,0.9735029795198626,0.0032888614172968335
2026-03-22-ST-7,2026-03-22-ST-7-4,2026-03-22,SAGACIOUS LIFE,0.19567311314397615,0.0016868371822756564
2026-03-22-ST-7,2026-03-22-ST-7-7,2026-03-22,BEAUTY BOLT,0.028166025429444682,0.0002514823699057561
2026-03-22-ST-7,2026-03-22-ST-7-8,2026-03-22,EMBLAZON,-0.021476330247147624,0.0
2026-03-22-ST-8,2026-03-22-ST-8-13,2026-03-22,SHAMUS STORM,-0.011757239440159894,0.0
2026-03-22-ST-8,2026-03-22-ST-8-6,2026-03-22,SMART AVENUE,-0.3002460665723834,0.0
2026-03-22-ST-8,2026-03-22-ST-8-5,2026-03-22,MONEY CATCHER,-0.0677434456717103,0.0
2026-03-22-ST-8,2026-03-22-ST-8-3,2026-03-22,LIVEANDLETLIVE,-0.2667043382436876,0.0
2026-03-22-ST-8,2026-03-22-ST-8-10,2026-03-22,PACKING FIGHTER,-0.24618189601795268,0.0
2026-03-22-ST-8,2026-03-22-ST-8-11,2026-03-22,ENTHRALLED,-0.2705609185331525,0.0
2026-03-22-ST-8,2026-03-22-ST-8-12,2026-03-22,SHAMZ,1.3282451912880675,0.004427483970960226
2026-03-22-ST-8,2026-03-22-ST-8-7,2026-03-22,BLAZING WUKONG,-0.1812743031810394,0.0
2026-03-22-ST-8,2026-03-22-ST-8-8,2026-03-22,THE AUSPICIOUS,-0.03732369806174158,0.0
2026-03-22-ST-8,2026-03-22-ST-8-4,2026-03-22,AERODYNAMICS,-0.2963578564933492,0.0
2026-03-22-ST-8,2026-03-22-ST-8-1,2026-03-22,KARMA,-0.11655550078538857,0.0
2026-03-22-ST-8,2026-03-22-ST-8-2,2026-03-22,WINDLORD,0.31308833561356825,0.0019568020975848015
2026-03-22-ST-8,2026-03-22-ST-8-9,2026-03-22,EXCELLENCE VALUE,2.230171432703488,0.003338579989077078
2026-03-22-ST-9,2026-03-22-ST-9-9,2026-03-22,AEROVOLANIC,-0.2975868398479739,0.0
2026-03-22-ST-9,2026-03-22-ST-9-2,2026-03-22,SUPER EXPRESS,-0.3281708560980887,0.0
2026-03-22-ST-9,2026-03-22-ST-9-5,2026-03-22,AMAZING PARTNERS,-0.24670449686974052,0.0
2026-03-22-ST-9,2026-03-22-ST-9-7,2026-03-22,LEGEND WINNER,0.4085118378048924,0.0026186656269544385
2026-03-22-ST-9,2026-03-22-ST-9-6,2026-03-22,FLASH CURRENT,-0.028087758786259406,0.0
2026-03-22-ST-9,2026-03-22-ST-9-4,2026-03-22,OUTGATE,0.09398915874512165,0.0011748644843140206
2026-03-22-ST-9,2026-03-22-ST-9-1,2026-03-22,MAKE YOU SMILE,0.36819330563750813,0.001958475029986745
2026-03-22-ST-9,2026-03-22-ST-9-8,2026-03-22,M M CONCORD,3.2994100313702677,0.005391192861716123
2026-03-22-ST-9,2026-03-22-ST-9-12,2026-03-22,TURIN CHAMPIONS,-0.16231313152175825,0.0
2026-03-22-ST-9,2026-03-22-ST-9-11,2026-03-22,PERFECT TEAM,4.691801186367728,0.005034121444600566
2026-03-22-ST-9,2026-03-22-ST-9-10,2026-03-22,REAL TIME,1.0551629958131972,0.0032973843619162413
2026-03-22-ST-9,2026-03-22-ST-9-3,2026-03-22,MASTER OF ALL,0.8427247951623886,0.00273611946481295
2026-03-22-ST-10,2026-03-22-ST-10-13,2026-03-22,WINNING OVATION,-0.29854750943476804,0.0
2026-03-22-ST-10,2026-03-22-ST-10-12,2026-03-22,SIX PACK,-0.2867036881584534,0.0
2026-03-22-ST-10,2026-03-22-ST-10-6,2026-03-22,SPEED DRAGON,0.0029068070748347052,3.027924036286151e-05
2026-03-22-ST-10,2026-03-22-ST-10-1,2026-03-22,LIGHT YEARS CHARM,0.048706444882645555,0.00032909760055841597
2026-03-22-ST-10,2026-03-22-ST-10-3,2026-03-22,STORM RIDER,0.4073537810084993,0.0016694827090512267
2026-03-22-ST-10,2026-03-22-ST-10-10,2026-03-22,INFINITE RESOLVE,-0.27987754206982335,0.0
2026-03-22-ST-10,2026-03-22-ST-10-4,2026-03-22,HELENE FEELING,0.5118241780825296,0.0020976400741087274
2026-03-22-ST-10,2026-03-22-ST-10-7,2026-03-22,GORGEOUS WIN,1.553509490215843,0.003963034413815926
2026-03-22-ST-10,2026-03-22-ST-10-14,2026-03-22,CIRCUIT GRAND SLAM,0.56265446684587,0.0029928429087546274
2026-03-22-ST-10,2026-03-22-ST-10-2,2026-03-22,RUBYLOT,0.11503127330090003,0.0005868942515352043
2026-03-22-ST-10,2026-03-22-ST-10-9,2026-03-22,MUGEN,0.08309174964842447,0.0006491542941283162
2026-03-22-ST-10,2026-03-22-ST-10-11,2026-03-22,STEPS AHEAD,-0.20765991151245114,0.0
2026-03-22-ST-10,2026-03-22-ST-10-8,2026-03-22,DROMBEG BANNER,-0.22276756023710298,0.0
2026-03-22-ST-10,2026-03-22-ST-10-5,2026-03-22,MOMENTS IN TIME,0.9214411160674686,0.002476992247493195
2026-03-25-HV-2,2026-03-25-HV-2-3,2026-03-25,WIN METHOD,-0.30376067464353934,0.0
2026-03-25-HV-2,2026-03-25-HV-2-9,2026-03-25,TAKE ACTION,-0.21694022432105353,0.0
2026-03-25-HV-2,2026-03-25-HV-2-12,2026-03-25,OUR LUCKY GLORY,-0.24999271179236934,0.0
2026-03-25-HV-2,2026-03-25-HV-2-11,2026-03-25,KOLACHI,0.001539069540626059,2.7483384654036766e-05
2026-03-25-HV-2,2026-03-25-HV-2-10,2026-03-25,YIU CHEUNG VICTORY,0.09997750753181898,0.0011361080401343067
2026-03-25-HV-2,2026-03-25-HV-2-4,2026-03-25,ABSOLUTE AWAKENED,0.0542800773655196,0.00046793170142689307
2026-03-25-HV-2,2026-03-25-HV-2-1,2026-03-25,RAGGA BOMB,-0.3066981491912394,0.0
2026-03-25-HV-2,2026-03-25-HV-2-8,2026-03-25,PRECISION HOPE,-0.14245991123531218,0.0
2026-03-25-HV-2,2026-03-25-HV-2-5,2026-03-25,TURIN WARRIOR,0.20922605226953245,0.0014529586963161975
2026-03-25-HV-2,2026-03-25-HV-2-7,2026-03-25,NORTHERN BEAST,0.3083815863963179,0.0020288262262915654
2026-03-25-HV-2,2026-03-25-HV-2-6,2026-03-25,TO INFINITY,0.41474472032347365,0.00246871857335401
2026-03-25-HV-2,2026-03-25-HV-2-2,2026-03-25,PRESTIGE SUPERIOR,1.5813847138658854,0.0039143185986779344
2026-03-25-HV-3,2026-03-25-HV-3-7,2026-03-25,HONEST WITNESS,-0.25874744235807345,0.0
2026-03-25-HV-3,2026-03-25-HV-3-5,2026-03-25,THE HEIR,-0.29330224920166226,0.0
2026-03-25-HV-3,2026-03-25-HV-3-1,2026-03-25,A TIME FOR US,0.17443011947307926,0.001453584328942327
2026-03-25-HV-3,2026-03-25-HV-3-8,2026-03-25,LEADING AGILITY,-0.17752315113209877,0.0
2026-03-25-HV-3,2026-03-25-HV-3-6,2026-03-25,BITS SUPERSTAR,-0.21221258384683866,0.0
2026-03-25-HV-3,2026-03-25-HV-3-2,2026-03-25,GOLDEN EMPIRE,-0.2901012082329798,0.0
2026-03-25-HV-3,2026-03-25-HV-3-3,2026-03-25,ORIGIN OF FORM,1.7203823928743704,0.002829576304069688
2026-03-25-HV-3,2026-03-25-HV-3-10,2026-03-25,SUNNY Q,-0.190995407848759,0.0
2026-03-25-HV-3,2026-03-25-HV-3-12,2026-03-25,GIDDY UP,0.8583815214273008,0.003699920350979745
2026-03-25-HV-3,2026-03-25-HV-3-11,2026-03-25,WATCH THIS ONE,0.11373086423703971,0.001093566002279228
2026-03-25-HV-3,2026-03-25-HV-3-4,2026-03-25,AMAZING VICTORY,0.27094687211766183,0.0015752725123119877
2026-03-25-HV-3,2026-03-25-HV-3-9,2026-03-25,VIVA BOSS,0.8518484067539772,0.0036095271472626153
2026-03-25-HV-4,2026-03-25-HV-4-6,2026-03-25,BEAUTY VIVA,-0.27463668156463406,0.0
2026-03-25-HV-4,2026-03-25-HV-4-10,2026-03-25,EXCELLENT BOY,-0.0009272735239892137,0.0
2026-03-25-HV-4,2026-03-25-HV-4-5,2026-03-25,HARMONY GALAXY,-0.15202025401684222,0.0
2026-03-25-HV-4,2026-03-25-HV-4-9,2026-03-25,RED BRICK WARRIOR,-0.03340010910307388,0.0
2026-03-25-HV-4,2026-03-25-HV-4-11,2026-03-25,FRANTANCK,-0.06279258237669538,0.0
2026-03-25-HV-4,2026-03-25-HV-4-4,2026-03-25,FORTUNE STAR,-0.20664106215327274,0.0
2026-03-25-HV-4,2026-03-25-HV-4-12,2026-03-25,SUPER SICARIO,-0.2724759431196713,0.0
2026-03-25-HV-4,2026-03-25-HV-4-8,2026-03-25,STAR ELEGANCE,-0.1300409795599548,0.0
2026-03-25-HV-4,2026-03-25-HV-4-1,2026-03-25,GLORIOUS JOURNEY,-0.2577611285683737,0.0
2026-03-25-HV-4,2026-03-25-HV-4-3,2026-03-25,LEAPING STAR,1.7972846779501865,0.0031866749609045864
2026-03-25-HV-4,2026-03-25-HV-4-2,2026-03-25,ANOTHER ZONDA,-0.18700116546061096,0.0
2026-03-25-HV-4,2026-03-25-HV-4-7,2026-03-25,DASHING PAL,1.2602577020936336,0.0033517492076958347
2026-03-25-HV-5,2026-03-25-HV-5-12,2026-03-25,BUNTA BABY,-0.26394835397587085,0.0
2026-03-25-HV-5,2026-03-25-HV-5-1,2026-03-25,HORSEPOWER,-0.2779681330702096,0.0
2026-03-25-HV-5,2026-03-25-HV-5-3,2026-03-25,CANDLELIGHT DINNER,-0.27973564245396115,0.0
2026-03-25-HV-5,2026-03-25-HV-5-6,2026-03-25,TOGETHER WE VALUE,-0.1294201755570842,0.0
2026-03-25-HV-5,2026-03-25-HV-5-2,2026-03-25,YOUTHFUL SPIRITS,-0.2752050165824682,0.0
2026-03-25-HV-5,2026-03-25-HV-5-5,2026-03-25,HARMONY N BLESSED,-0.06758364550869483,0.0
2026-03-25-HV-5,2026-03-25-HV-5-4,2026-03-25,RED ELEGANCE,0.10585037603364819,0.0011026080836838352
2026-03-25-HV-5,2026-03-25-HV-5-11,2026-03-25,HEY BROS,-0.06645919078320651,0.0
2026-03-25-HV-5,2026-03-25-HV-5-7,2026-03-25,CAUSEWAY KING,0.11732711139257186,0.0010475634945765345
2026-03-25-HV-5,2026-03-25-HV-5-8,2026-03-25,MR DESIRA,-0.24524080424347483,0.0
2026-03-25-HV-5,2026-03-25-HV-5-9,2026-03-25,DASHING BASICS,0.18289619507677982,0.001693483287747961
2026-03-25-HV-5,2026-03-25-HV-5-10,2026-03-25,COPPER CORE,,0.0
2026-03-25-HV-6,2026-03-25-HV-6-5,2026-03-25,MOTOR,-0.13525875340540666,0.0
2026-03-25-HV-6,2026-03-25-HV-6-3,2026-03-25,KING PROFIT,-0.31735012919152394,0.0
2026-03-25-HV-6,2026-03-25-HV-6-4,2026-03-25,GENIUS BABY,-0.2637500186093277,0.0
2026-03-25-HV-6,2026-03-25-HV-6-8,2026-03-25,DAN ATTACK,-0.19751373294403135,0.0
2026-03-25-HV-6,2026-03-25-HV-6-10,2026-03-25,BRAVE WIN,0.5368128856180011,0.0031953147953452444
2026-03-25-HV-6,2026-03-25-HV-6-1,2026-03-25,HAYDAY,-0.23943061053587528,0.0
2026-03-25-HV-6,2026-03-25-HV-6-11,2026-03-25,VIGOR ELLEEGANT,0.24953390333013192,0.002012370188146225
2026-03-25-HV-6,2026-03-25-HV-6-6,2026-03-25,SILVER SPURS,-0.06874399907697559,0.0
2026-03-25-HV-6,2026-03-25-HV-6-12,2026-03-25,CALL TO COMMAND,0.13648092472101805,0.001483488312184979
2026-03-25-HV-6,2026-03-25-HV-6-2,2026-03-25,INVINCIBLE STARR,0.9895143940551752,0.0024017339661533375
2026-03-25-HV-6,2026-03-25-HV-6-7,2026-03-25,AWESOME TREASURE,0.6548576450113799,0.003148354062554711
2026-03-25-HV-6,2026-03-25-HV-6-9,2026-03-25,AMAZING FUN,,0.0
2026-03-25-HV-7,2026-03-25-HV-7-2,2026-03-25,GIANT BALLON,-0.32394345375922146,0.0
2026-03-25-HV-7,2026-03-25-HV-7-8,2026-03-25,BROWNNEEDSFURTHER,-0.29010490189374527,0.0
2026-03-25-HV-7,2026-03-25-HV-7-9,2026-03-25,LOVING VIBES,-0.1324020747966315,0.0
2026-03-25-HV-7,2026-03-25-HV-7-1,2026-03-25,VICTOR THE RAPID,-0.19026525239822084,0.0
2026-03-25-HV-7,2026-03-25-HV-7-11,2026-03-25,CRYSTAL POWERFUL,1.7137425780881064,0.005100424339547936
2026-03-25-HV-7,2026-03-25-HV-7-7,2026-03-25,KWAI CHUNG TALENTS,1.1667291837344314,0.003692180961184909
2026-03-25-HV-7,2026-03-25-HV-7-6,2026-03-25,PHOENIX LIGHT,-0.19022986431893976,0.0
2026-03-25-HV-7,2026-03-25-HV-7-4,2026-03-25,STARRY SHOW,2.170001255502736,0.004340002511005471
2026-03-25-HV-7,2026-03-25-HV-7-5,2026-03-25,THE PERFECT MATCH,-0.1571808766645424,0.0
2026-03-25-HV-7,2026-03-25-HV-7-12,2026-03-25,MASTER OF HUMOR,0.3204144333313673,0.003482765579688775
2026-03-25-HV-7,2026-03-25-HV-7-10,2026-03-25,CALIFORNIA DEEPLY,0.03218634421343309,0.000473328591374016
2026-03-25-HV-7,2026-03-25-HV-7-3,2026-03-25,GIANT LEAP,-0.24818048137709614,0.0
2026-03-25-HV-8,2026-03-25-HV-8-7,2026-03-25,WITHOUT COMPARE,-0.28353066770636404,0.0
2026-03-25-HV-8,2026-03-25-HV-8-5,2026-03-25,KEEFY,-0.2149420914251513,0.0
2026-03-25-HV-8,2026-03-25-HV-8-1,2026-03-25,BEAUTY ALLIANCE,-0.25907934339544975,0.0
2026-03-25-HV-8,2026-03-25-HV-8-2,2026-03-25,SOLID WIN,-0.276538011411542,0.0
2026-03-25-HV-8,2026-03-25-HV-8-10,2026-03-25,THRIVING BROTHERS,-0.20688757433641086,0.0
2026-03-25-HV-8,2026-03-25-HV-8-8,2026-03-25,CALIFORNIA MOXIE,-0.28200853356639494,0.0
2026-03-25-HV-8,2026-03-25-HV-8-6,2026-03-25,KING LOTUS,-0.13987339303126659,0.0
2026-03-25-HV-8,2026-03-25-HV-8-4,2026-03-25,DARYL FLASH,0.7715198460305897,0.0023238549579234625
2026-03-25-HV-8,2026-03-25-HV-8-12,2026-03-25,POSITIVE SMILE,-0.17169058921622127,0.0
2026-03-25-HV-8,2026-03-25-HV-8-3,2026-03-25,FLYING FORTRESS,-0.25231109160120957,0.0
2026-03-25-HV-8,2026-03-25-HV-8-9,2026-03-25,TRINITY TREASURE,0.8967917155370844,0.003113860123392654
2026-03-25-HV-8,2026-03-25-HV-8-11,2026-03-25,FLUORESCENCE,3.232365490016567,0.005147078805758864
2026-03-25-HV-8,,2026-03-25,FIVEFORTWO,,0.0
2026-03-25-HV-9,2026-03-25-HV-9-6,2026-03-25,MY DAY MY WAY,-0.16987429847356766,0.0
2026-03-25-HV-9,2026-03-25-HV-9-2,2026-03-25,GREATER BAE,-0.308065651204533,0.0
2026-03-25-HV-9,2026-03-25-HV-9-5,2026-03-25,AMAZING KID,-0.24333860563707221,0.0
2026-03-25-HV-9,2026-03-25-HV-9-9,2026-03-25,YEE CHEONG GLORY,-0.23657678106530275,0.0
2026-03-25-HV-9,2026-03-25-HV-9-1,2026-03-25,SYMBOL OF STRENGTH,-0.21489318769477828,0.0
2026-03-25-HV-9,2026-03-25-HV-9-4,2026-03-25,PEGAS,-0.20296058352664262,0.0
2026-03-25-HV-9,2026-03-25-HV-9-10,2026-03-25,CHARMING BABE,0.5719994108182938,0.0031086924500994223
2026-03-25-HV-9,2026-03-25-HV-9-8,2026-03-25,CALIFORNIA BLITZ,-0.0005304113341534356,0.0
2026-03-25-HV-9,2026-03-25-HV-9-7,2026-03-25,SUGAR SUGAR,-0.060133072526974946,0.0
2026-03-25-HV-9,2026-03-25-HV-9-11,2026-03-25,IRON SECURITY,2.3847466467643232,0.005323095193670364
2026-03-25-HV-9,2026-03-25-HV-9-3,2026-03-25,METRO POWER,-0.19965047996106122,0.0
2026-03-25-HV-9,2026-03-25-HV-9-12,2026-03-25,COPARTNER FLEET,0.7825940328774914,0.003432429968760927
2026-03-29-ST-2,2026-03-29-ST-2-13,2026-03-29,SHOTGUN,-0.3178026016371888,0.0
2026-03-29-ST-2,2026-03-29-ST-2-9,2026-03-29,INVICTUS DRAGON,-0.32184586938098564,0.0
2026-03-29-ST-2,2026-03-29-ST-2-14,2026-03-29,THE ALL ROUNDER,-0.04328299357552152,0.0
2026-03-29-ST-2,2026-03-29-ST-2-7,2026-03-29,THE LION KING,-0.3003193688988836,0.0
2026-03-29-ST-2,2026-03-29-ST-2-10,2026-03-29,HONORARY,0.9335191646409876,0.003536057441821923
2026-03-29-ST-2,2026-03-29-ST-2-12,2026-03-29,SO MY FOLKS,-0.19531376161015881,0.0
2026-03-29-ST-2,2026-03-29-ST-2-4,2026-03-29,STRATHPEFFER,-0.2596406853509198,0.0
2026-03-29-ST-2,2026-03-29-ST-2-11,2026-03-29,APOLAR FIGHTER,1.8347090677722555,0.003887095482568338
2026-03-29-ST-2,2026-03-29-ST-2-8,2026-03-29,GLORIOUS ST PAUL'S,0.5498418577181251,0.002329838380161547
2026-03-29-ST-2,2026-03-29-ST-2-3,2026-03-29,LET'S HAVE FUN,1.173772737732625,0.002574063021343476
2026-03-29-ST-2,2026-03-29-ST-2-1,2026-03-29,DANICA'S CHOICE,-0.14477942599263482,0.0
2026-03-29-ST-2,2026-03-29-ST-2-6,2026-03-29,RUSSET GLOW,-0.13854828264829142,0.0
2026-03-29-ST-2,2026-03-29-ST-2-2,2026-03-29,ALWAYS AHEAD,1.7951742257374543,0.002876881772015151
2026-03-29-ST-2,2026-03-29-ST-2-5,2026-03-29,VIEW OF COSMOS,1.8071733368774092,0.0025525047131036856
2026-03-29-ST-2,,2026-03-29,BEAUTY GEMINI,,0.0
2026-03-29-ST-3,2026-03-29-ST-3-7,2026-03-29,CHARITY TOGETHER,-0.30113562685775536,0.0
2026-03-29-ST-3,2026-03-29-ST-3-8,2026-03-29,VOLCANIC SPARK,-0.2509667398765109,0.0
2026-03-29-ST-3,2026-03-29-ST-3-10,2026-03-29,STAR BROSE,-0.21124594745536554,0.0
2026-03-29-ST-3,2026-03-29-ST-3-1,2026-03-29,AGENDA,-0.2712807809472783,0.0
2026-03-29-ST-3,2026-03-29-ST-3-5,2026-03-29,DOUBLE WIN,-0.026511015063384578,0.0
2026-03-29-ST-3,2026-03-29-ST-3-4,2026-03-29,SERANGOON,0.09236683706225185,0.0006997487656231201
2026-03-29-ST-3,2026-03-29-ST-3-12,2026-03-29,DILBAGH,2.0600100367343614,0.0044782826885529595
2026-03-29-ST-3,2026-03-29-ST-3-9,2026-03-29,SPLENDID FORCE,0.921068933289951,0.003337206280036055
2026-03-29-ST-3,2026-03-29-ST-3-2,2026-03-29,SUPREME MASTERMIND,-0.22349313238536228,0.0
2026-03-29-ST-3,2026-03-29-ST-3-3,2026-03-29,GREY CHARGER,1.5955892456256058,0.003438769925917254
2026-03-29-ST-3,2026-03-29-ST-3-11,2026-03-29,FORTUNE KINGO,1.0852833578853305,0.005217708451371781
2026-03-29-ST-3,2026-03-29-ST-3-6,2026-03-29,STORM RUNNER,-0.27126518416637185,0.0
2026-03-29-ST-4,2026-03-29-ST-4-9,2026-03-29,MAX QUE,-0.2742668181064819,0.0
2026-03-29-ST-4,2026-03-29-ST-4-7,2026-03-29,JOY OF SPRING,0.14631401905457797,0.002286156547727781
2026-03-29-ST-4,2026-03-29-ST-4-8,2026-03-29,SKY HEART,-0.2353415234000706,0.0
2026-03-29-ST-4,2026-03-29-ST-4-3,2026-03-29,AWESOME FLUKE,-0.04827900560280411,0.0
2026-03-29-ST-4,2026-03-29-ST-4-4,2026-03-29,PACKING ANGEL,-0.036873997196339214,0.0
2026-03-29-ST-4,2026-03-29-ST-4-2,2026-03-29,BEAUTY ETERNAL,-0.15317207343138745,0.0
2026-03-29-ST-4,2026-03-29-ST-4-6,2026-03-29,POCKETING,-0.2503285258016308,0.0
2026-03-29-ST-4,2026-03-29-ST-4-1,2026-03-29,CALIFORNIATOTALITY,0.3239772586343533,0.0023821857252525978
2026-03-29-ST-4,2026-03-29-ST-4-5,2026-03-29,SWORD POINT,1.5980061228051063,0.004871969886600934
2026-03-29-ST-5,2026-03-29-ST-5-1,2026-03-29,EVER LUCK,-0.3212378123246571,0.0
2026-03-29-ST-5,2026-03-29-ST-5-4,2026-03-29,RUN RUN SUNRISE,-0.28791488885360333,0.0
2026-03-29-ST-5,2026-03-29-ST-5-6,2026-03-29,GEORGIAN SIGMA,-0.270654445322409,0.0
2026-03-29-ST-5,2026-03-29-ST-5-10,2026-03-29,PERFECT TRIUMPH,0.8741595310297954,0.002324892369760094
2026-03-29-ST-5,2026-03-29-ST-5-8,2026-03-29,CASA PRIMO,-0.05098683625094286,0.0
2026-03-29-ST-5,2026-03-29-ST-5-13,2026-03-29,COMET RADIANCE,-0.1438171791017824,0.0
2026-03-29-ST-5,2026-03-29-ST-5-12,2026-03-29,TURBO JEFFERIES,-0.14104366713704436,0.0
2026-03-29-ST-5,2026-03-29-ST-5-7,2026-03-29,AMO ERGO SUM,1.6662174802243144,0.0040442171850104715
2026-03-29-ST-5,2026-03-29-ST-5-3,2026-03-29,PACKING PHOENIX,-0.31397780537640524,0.0
2026-03-29-ST-5,2026-03-29-ST-5-11,2026-03-29,SYNERGY EXPRESS,-0.18730471069625254,0.0
2026-03-29-ST-5,2026-03-29-ST-5-9,2026-03-29,E HOPEFUL,1.2221050451375752,0.003320937622656455
2026-03-29-ST-5,2026-03-29-ST-5-2,2026-03-29,NORTHERN FIRE BALL,-0.13156342995968556,0.0
2026-03-29-ST-5,2026-03-29-ST-5-14,2026-03-29,QUICK MONEY,0.22215997933015147,0.0022215997933015146
2026-03-29-ST-5,2026-03-29-ST-5-5,2026-03-29,LUCKY TWENTY,0.11162945471631402,0.0007752045466410697
2026-03-29-ST-6,2026-03-29-ST-6-8,2026-03-29,KING DANCE,0.07964560578854021,0.000603375801428335
2026-03-29-ST-6,2026-03-29-ST-6-7,2026-03-29,FRANCIS MEYNELL,-0.19134751487551632,0.0
2026-03-29-ST-6,2026-03-29-ST-6-3,2026-03-29,CIRCUIT FIERY,-0.313024021654775,0.0
2026-03-29-ST-6,2026-03-29-ST-6-4,2026-03-29,NYX GLUCK,-0.28040474506516566,0.0
2026-03-29-ST-6,2026-03-29-ST-6-14,2026-03-29,PERIDOT,-0.30082235321776785,0.0
2026-03-29-ST-6,2026-03-29-ST-6-12,2026-03-29,WINNING NOW,-0.22909214606043696,0.0
2026-03-29-ST-6,2026-03-29-ST-6-11,2026-03-29,VIVA FIRECRACKER,-0.20554924197227936,0.0
2026-03-29-ST-6,2026-03-29-ST-6-2,2026-03-29,FAMILY KNIGHT,1.4014401244824097,0.0024500701476965203
2026-03-29-ST-6,2026-03-29-ST-6-1,2026-03-29,ONE MORE,-0.28345391878488313,0.0
2026-03-29-ST-6,2026-03-29-ST-6-5,2026-03-29,STATE SECURITY,-0.016500354607569198,0.0
2026-03-29-ST-6,2026-03-29-ST-6-13,2026-03-29,YOUNG LEGACY,1.0107503830430902,0.0037714566531458584
2026-03-29-ST-6,2026-03-29-ST-6-6,2026-03-29,BEST FARM,0.8703001449617294,0.002339516518714326
2026-03-29-ST-6,2026-03-29-ST-6-9,2026-03-29,VIRTUOUS PHANTOM,2.1322423286338883,0.004197327418570646
2026-03-29-ST-6,2026-03-29-ST-6-10,2026-03-29,FLYING CHRISTIE,5.043234323287275,0.005063488276392847
2026-03-29-ST-7,2026-03-29-ST-7-13,2026-03-29,BETTER AND BETTER,-0.29230750866415045,0.0
2026-03-29-ST-7,2026-03-29-ST-7-10,2026-03-29,VIGOR EYE,-0.18359475913004691,0.0
2026-03-29-ST-7,2026-03-29-ST-7-9,2026-03-29,LIVE WIRE,-0.28353526443699395,0.0
2026-03-29-ST-7,2026-03-29-ST-7-11,2026-03-29,ALABAMA SONG,-0.2505318076179041,0.0
2026-03-29-ST-7,2026-03-29-ST-7-4,2026-03-29,WARRIORS DREAM,-0.22817029004976733,0.0
2026-03-29-ST-7,2026-03-29-ST-7-8,2026-03-29,RELENTLESS PURSUIT,-0.26275290774659027,0.0
2026-03-29-ST-7,2026-03-29-ST-7-14,2026-03-29,RUNJEET,0.23594848026791518,0.0016385311129716333
2026-03-29-ST-7,2026-03-29-ST-7-12,2026-03-29,SUPER MASTERMIND,3.112468661396409,0.003311136873825967
2026-03-29-ST-7,2026-03-29-ST-7-7,2026-03-29,PRESTIGE EMPEROR,-0.14174226027094106,0.0
2026-03-29-ST-7,2026-03-29-ST-7-1,2026-03-29,JOY CAPITAL,-0.10463030753304038,0.0
2026-03-29-ST-7,2026-03-29-ST-7-6,2026-03-29,MIGHTY FIGHTER,-0.27216999188953034,0.0
2026-03-29-ST-7,2026-03-29-ST-7-5,2026-03-29,LIGHTNING ACE,0.6930837514175645,0.0029367955568540874
2026-03-29-ST-7,2026-03-29-ST-7-2,2026-03-29,REAL GENTLEMAN,3.610137924725429,0.003511807319771818
2026-03-29-ST-7,2026-03-29-ST-7-3,2026-03-29,SUPERB BOY,0.4993590357770919,0.0019506212335042652
2026-03-29-ST-8,2026-03-29-ST-8-1,2026-03-29,SALON S,-0.32665143454282675,0.0
2026-03-29-ST-8,2026-03-29-ST-8-4,2026-03-29,URANUS STAR,0.14473272541526155,0.0010964600410247086
2026-03-29-ST-8,2026-03-29-ST-8-10,2026-03-29,SUNNY DA BEST,0.3299844540203799,0.0027498704501698326
2026-03-29-ST-8,2026-03-29-ST-8-2,2026-03-29,LUCKY SAM GOR,-0.1474888723754109,0.0
2026-03-29-ST-8,2026-03-29-ST-8-3,2026-03-29,BRILLIANT EXPRESS,-0.17294772759316387,0.0
2026-03-29-ST-8,2026-03-29-ST-8-5,2026-03-29,DO YOU JUST,0.7832061630723366,0.0033186701825099014
2026-03-29-ST-8,2026-03-29-ST-8-11,2026-03-29,CALIFORNIA WAVES,0.025732193155500724,0.0004020655180546988
2026-03-29-ST-8,2026-03-29-ST-8-7,2026-03-29,ALL'S WELL,0.004611547642621783,5.764434553277228e-05
2026-03-29-ST-8,2026-03-29-ST-8-6,2026-03-29,ROMANTIC GLADIATOR,0.19352636889259758,0.0016127197407716466
2026-03-29-ST-8,2026-03-29-ST-8-9,2026-03-29,LADY'S LOVE,1.0839969320320546,0.003763878236222412
2026-03-29-ST-8,2026-03-29-ST-8-12,2026-03-29,LUCKY DOCTOR,4.381563326763724,0.005071253850420977
2026-03-29-ST-8,2026-03-29-ST-8-8,2026-03-29,SUGAR GOODSON,,0.0
2026-03-29-ST-9,2026-03-29-ST-9-9,2026-03-29,YOUNG CHAMPION,-0.1785275307358552,0.0
2026-03-29-ST-9,2026-03-29-ST-9-4,2026-03-29,PATCH OF STARS,-0.15563374810446226,0.0
2026-03-29-ST-9,2026-03-29-ST-9-7,2026-03-29,BULB GENERAL,-0.27486666768194495,0.0
2026-03-29-ST-9,2026-03-29-ST-9-3,2026-03-29,BOTTOMUPTOGETHER,0.3570597566142195,0.002349077346146181
2026-03-29-ST-9,2026-03-29-ST-9-11,2026-03-29,GALACTIC VOYAGE,-0.27156412961198795,0.0
2026-03-29-ST-9,2026-03-29-ST-9-10,2026-03-29,CHATEAUNEUF,2.6114935958224477,0.004663381421111514
2026-03-29-ST-9,2026-03-29-ST-9-8,2026-03-29,LADY'S CHOICE,0.6537301434981425,0.0030836327523497287
2026-03-29-ST-9,2026-03-29-ST-9-1,2026-03-29,SKY TRUST,-0.04708023301026338,0.0
2026-03-29-ST-9,2026-03-29-ST-9-6,2026-03-29,MAGNIFIQUE,-0.296936739747964,0.0
2026-03-29-ST-9,2026-03-29-ST-9-5,2026-03-29,VICTOR THE WINNER,2.2594233084365034,0.004378727341931209
2026-03-29-ST-9,2026-03-29-ST-9-2,2026-03-29,WUNDERBAR,,0.0
2026-03-29-ST-10,2026-03-29-ST-10-3,2026-03-29,RISING FORCE,-0.31913309543121027,0.0
2026-03-29-ST-10,2026-03-29-ST-10-2,2026-03-29,GENEVA,-0.2383403310289431,0.0
2026-03-29-ST-10,2026-03-29-ST-10-1,2026-03-29,HAPPY INDEX,-0.29993157649007696,0.0
2026-03-29-ST-10,2026-03-29-ST-10-4,2026-03-29,JUBILANT WINNER,-0.2388955498335014,0.0
2026-03-29-ST-10,2026-03-29-ST-10-7,2026-03-29,RED MAESTRO,-0.23080214255061304,0.0
2026-03-29-ST-10,2026-03-29-ST-10-13,2026-03-29,AKERMANIS GOLD,0.3079310428665014,0.002851213359875013
2026-03-29-ST-10,2026-03-29-ST-10-5,2026-03-29,PERFECTDAY,0.004794389144158717,6.30840676862989e-05
2026-03-29-ST-10,2026-03-29-ST-10-9,2026-03-29,EMBRACE ABERDEEN,-0.17117396438765806,0.0
2026-03-29-ST-10,2026-03-29-ST-10-12,2026-03-29,ARMOUR WAR EAGLE,0.07313505351657427,0.0006771764214497618
2026-03-29-ST-10,2026-03-29-ST-10-11,2026-03-29,BEAUTY GLORY,0.6406512984436337,0.0037247168514164745
2026-03-29-ST-10,2026-03-29-ST-10-6,2026-03-29,DOUBLE MONEY,2.7042026032637505,0.003129864124147859
2026-03-29-ST-10,2026-03-29-ST-10-8,2026-03-29,VULCANUS,3.08531377528791,0.0045106926539296936
2026-03-29-ST-10,2026-03-29-ST-10-10,2026-03-29,GRIT SPIRIT,0.8358149085787588,0.0029021350992318013
2026-03-29-ST-11,2026-03-29-ST-11-14,2026-03-29,THE GOLDEN KNIGHT,-0.20690020992080133,0.0
2026-03-29-ST-11,2026-03-29-ST-11-6,2026-03-29,ENDUED,-0.3109394609818237,0.0
2026-03-29-ST-11,2026-03-29-ST-11-8,2026-03-29,CHINA WIN,-0.24629892745922347,0.0
2026-03-29-ST-11,2026-03-29-ST-11-3,2026-03-29,FAMILY JEWEL,-0.18903901841161558,0.0
2026-03-29-ST-11,2026-03-29-ST-11-11,2026-03-29,RISING PHOENIX,-0.13121961816794622,0.0
2026-03-29-ST-11,2026-03-29-ST-11-4,2026-03-29,EMBRACES,-0.12536873846099764,0.0
2026-03-29-ST-11,2026-03-29-ST-11-7,2026-03-29,LOVERO,-0.30978424639641644,0.0
2026-03-29-ST-11,2026-03-29-ST-11-1,2026-03-29,THE BOOM BOX,-0.06479261085508169,0.0
2026-03-29-ST-11,2026-03-29-ST-11-2,2026-03-29,GLITTERING LEGEND,0.07422056518372647,0.0005457394498803417
2026-03-29-ST-11,2026-03-29-ST-11-10,2026-03-29,SUPERB KID,1.7582166861265196,0.004032607078271834
2026-03-29-ST-11,2026-03-29-ST-11-9,2026-03-29,MORGAN SUCCESS,0.5793711573296013,0.0020117054073944493
2026-03-29-ST-11,2026-03-29-ST-11-12,2026-03-29,MASTER TRILLION,-0.1526975739179016,0.0
2026-03-29-ST-11,2026-03-29-ST-11-13,2026-03-29,CHILL KAKA,1.2368936065424783,0.0032896106556980806
2026-03-29-ST-11,2026-03-29-ST-11-5,2026-03-29,ANOTHER WORLD,0.19342184003585366,0.0011245455816038005
